-- phpMyAdmin SQL Dump
-- version 5.2.1
-- https://www.phpmyadmin.net/
--
-- Host: 127.0.0.1
-- Generation Time: Mar 10, 2025 at 03:18 PM
-- Server version: 10.4.32-MariaDB
-- PHP Version: 8.2.12

SET SQL_MODE = "NO_AUTO_VALUE_ON_ZERO";
START TRANSACTION;
SET time_zone = "+00:00";


/*!40101 SET @OLD_CHARACTER_SET_CLIENT=@@CHARACTER_SET_CLIENT */;
/*!40101 SET @OLD_CHARACTER_SET_RESULTS=@@CHARACTER_SET_RESULTS */;
/*!40101 SET @OLD_COLLATION_CONNECTION=@@COLLATION_CONNECTION */;
/*!40101 SET NAMES utf8mb4 */;

--
-- Database: `quintet_fashion`
--

-- --------------------------------------------------------

--
-- Table structure for table `admin`
--

CREATE TABLE `admin` (
  `id` int(11) NOT NULL,
  `username` varchar(255) NOT NULL,
  `password` varchar(255) NOT NULL,
  `creationDate` timestamp NOT NULL DEFAULT current_timestamp(),
  `updationDate` varchar(255) NOT NULL
) ENGINE=InnoDB DEFAULT CHARSET=latin1 COLLATE=latin1_swedish_ci;

--
-- Dumping data for table `admin`
--

INSERT INTO `admin` (`id`, `username`, `password`, `creationDate`, `updationDate`) VALUES
(1, 'AMANDEV', 'effba33c699ff7c3354f4c69565aafea', '2024-04-02 16:21:18', '24-08-2024 09:20:30 AM');

-- --------------------------------------------------------

--
-- Table structure for table `category`
--

CREATE TABLE `category` (
  `id` int(11) NOT NULL,
  `categoryName` varchar(255) DEFAULT NULL,
  `categoryDescription` longtext DEFAULT NULL,
  `creationDate` timestamp NOT NULL DEFAULT current_timestamp(),
  `updationDate` varchar(255) DEFAULT NULL
) ENGINE=InnoDB DEFAULT CHARSET=latin1 COLLATE=latin1_swedish_ci;

--
-- Dumping data for table `category`
--

INSERT INTO `category` (`id`, `categoryName`, `categoryDescription`, `creationDate`, `updationDate`) VALUES
(8, 'WOMAN', 'Discover a curated collection of stylish and timeless pieces designed for women of all ages. From elegant dresses to comfortable everyday wear each item embodies quality and sophistication. Perfect for work casual outings and special occasions our selection ensures you look and feel your best every day.\r\n\r\n\r\n\r\n\r\n\r\n\r\n', '2024-08-24 03:52:40', '24-08-2024 09:24:06 AM'),
(10, 'MAN', 'Discover our Mens category featuring stylish and high Quality apparel designed for every occasion. From casual wear to formal attire our collection combines comfort with modern trends ensuring you look and feel your best. Explore a range of clothing accessories and footwear tailored to elevate your wardrobe.', '2024-08-24 03:54:37', '24-08-2024 09:24:45 AM'),
(29, 'KIDS', 'Discover our KIDS category featuring a variety of products for your little ones. From clothing to toys every item is chosen to bring joy and comfort to your child. Shop now for high-quality products that meet your kids needs.', '2024-09-13 14:46:27', '17-09-2024 09:06:31 PM');

-- --------------------------------------------------------

--
-- Table structure for table `chatbot`
--

CREATE TABLE `chatbot` (
  `id` int(11) NOT NULL,
  `queries` varchar(300) NOT NULL,
  `replies` varchar(300) NOT NULL
) ENGINE=InnoDB DEFAULT CHARSET=utf8mb4 COLLATE=utf8mb4_general_ci;

--
-- Dumping data for table `chatbot`
--

INSERT INTO `chatbot` (`id`, `queries`, `replies`) VALUES
(3, 'How can I track my order?', 'You can track your order by visiting the \'Track Order\' section on our website and entering your order ID & email ID.'),
(4, 'What payment methods do you accept?', 'We accept net banking(QR CODE) and COD for secure transactions'),
(5, 'How can I return a product?', 'You can request a return within 7 days of delivery by visiting the \'My Orders\' section and selecting the return option.'),
(6, 'Do you offer free shipping?', 'Yes, we offer free shipping on orders above $50. For orders below that, standard shipping charges apply.'),
(7, 'How long does delivery take?', 'Delivery time varies by location. Standard shipping takes 5-7 business days, while express delivery takes 2-3 business days.'),
(8, 'Can I cancel my order after placing it?', 'Yes, you can cancel your order within 24 hours of placing it from the \'My Orders\' section. After that, cancellation may not be possible.'),
(9, 'How can I contact customer support?', 'You can contact our support team via live chat, email at quintetonline@gmail.com, or call our helpline at +1234567890.'),
(10, 'Do you have a refund policy?', 'Yes, refunds are processed within 7-10 business days after the returned item is received and verified.'),
(11, 'Can I change my delivery address after placing an order?', 'You can update your address within 12 hours of placing the order by contacting our support team.'),
(12, 'How do I create an account?', 'You can create an account by clicking on \'Sign Up\' and filling in your details like name, email, and password.'),
(13, 'I forgot my password. How can I reset it?', 'Click on \'Forgot Password\' on the login page and follow the instructions to reset your password.'),
(14, 'Do you offer Cash on Delivery (COD)?', 'Yes, COD is available for select locations. You can check the availability at checkout.'),
(15, 'What should I do if I receive a damaged product?', 'If you receive a damaged or defective product, please contact our support team within 48 hours for a replacement or refund.'),
(16, 'Do you offer gift wrapping services?', 'Yes, you can select the \'Gift Wrap\' option at checkout for an additional charge.'),
(17, 'How can I check if a product is in stock?', 'The product page shows the availability status. If out of stock, you can enable \'Notify Me\' to get updates.'),
(18, 'What happens if my order is delayed?', 'In case of a delay, we will notify you via email or SMS. You can also check the status in \'My Orders\'.'),
(19, 'Can I order multiple items at once?', 'Yes, you can add multiple items to your cart and place a single order for them.'),
(20, 'How can I leave a review for a product?', 'You can leave a review by visiting the product page and clicking on \'Write a Review\' after purchasing the item.'),
(21, 'How can I get updates on new arrivals?', 'Subscribe to our newsletter or follow us on social media for updates on new arrivals and offers.');

-- --------------------------------------------------------

--
-- Table structure for table `orders`
--

CREATE TABLE `orders` (
  `id` int(11) NOT NULL,
  `userId` int(11) DEFAULT NULL,
  `productId` varchar(255) DEFAULT NULL,
  `quantity` int(11) DEFAULT NULL,
  `orderDate` timestamp NOT NULL DEFAULT current_timestamp(),
  `paymentMethod` varchar(50) DEFAULT NULL,
  `orderStatus` varchar(55) DEFAULT NULL
) ENGINE=InnoDB DEFAULT CHARSET=latin1 COLLATE=latin1_swedish_ci;

--
-- Dumping data for table `orders`
--

INSERT INTO `orders` (`id`, `userId`, `productId`, `quantity`, `orderDate`, `paymentMethod`, `orderStatus`) VALUES
(4, 5, '15', 1, '2024-06-05 01:04:45', 'COD', 'Delivered'),
(5, 6, '22', 1, '2024-08-24 04:32:20', 'COD', 'Delivered'),
(6, 6, '47', 1, '2024-08-27 13:01:37', 'COD', 'Delivered'),
(9, 6, '50', 1, '2024-08-31 06:30:59', 'COD', 'Delivered'),
(10, 6, '53', 1, '2024-08-31 06:30:59', 'COD', 'Delivered'),
(11, 6, '54', 1, '2024-08-31 06:30:59', 'COD', 'Delivered'),
(12, 6, '56', 3, '2024-08-31 06:30:59', 'COD', 'Delivered'),
(13, 6, '60', 2, '2024-08-31 06:30:59', 'COD', 'Delivered'),
(14, 6, '61', 2, '2024-08-31 06:30:59', 'COD', 'Delivered'),
(15, 6, '62', 2, '2024-08-31 06:30:59', 'COD', 'Delivered'),
(70, 6, '31', 1, '2025-03-03 15:58:43', 'Internet Banking', 'Delivered'),
(71, 6, '50', 1, '2025-03-06 16:40:10', 'COD', 'Delivered'),
(72, 6, '55', 1, '2025-03-07 16:58:25', 'COD', 'Delivered'),
(73, 6, '30', 1, '2025-03-07 17:27:10', 'COD', 'Out For Delivery'),
(74, 9, '31', 1, '2025-03-08 04:37:13', 'Internet Banking', 'Delivered'),
(75, 6, '30', 1, '2025-03-08 09:23:29', 'COD', 'In Transit'),
(76, 6, '30', 1, '2025-03-08 17:29:04', 'COD', NULL),
(77, 6, '31', 1, '2025-03-08 17:29:04', 'COD', NULL),
(78, 6, '50', 1, '2025-03-08 17:29:04', 'COD', NULL),
(79, 6, '55', 1, '2025-03-08 17:29:04', 'COD', NULL);

-- --------------------------------------------------------

--
-- Table structure for table `ordertrackhistory`
--

CREATE TABLE `ordertrackhistory` (
  `id` int(11) NOT NULL,
  `orderId` int(11) DEFAULT NULL,
  `status` varchar(255) DEFAULT NULL,
  `remark` mediumtext DEFAULT NULL,
  `postingDate` timestamp NOT NULL DEFAULT current_timestamp()
) ENGINE=InnoDB DEFAULT CHARSET=latin1 COLLATE=latin1_swedish_ci;

--
-- Dumping data for table `ordertrackhistory`
--

INSERT INTO `ordertrackhistory` (`id`, `orderId`, `status`, `remark`, `postingDate`) VALUES
(1, 1, 'in Process', 'Item is packed. Ready for dispatched.', '2024-05-22 06:32:29'),
(2, 1, 'Delivered', 'Product is delivered to the customer.', '2024-05-22 06:32:53'),
(3, 3, 'in Process', 'Product is packed. Dispactched soon', '2024-05-23 13:50:53'),
(4, 3, 'in Process', 'Product is in transit.\r\n', '2024-05-23 13:51:13'),
(5, 4, 'in Process', 'Item is packed', '2024-06-05 01:05:26'),
(6, 4, 'in Process', 'In Transit', '2024-06-05 01:05:34'),
(7, 4, 'Delivered', 'Delivered to the customer', '2024-06-05 01:05:45'),
(8, 5, 'Delivered', 'pending-orders', '2024-08-28 12:53:01'),
(9, 6, 'in Process', 'updateorder', '2024-08-28 14:52:17'),
(10, 6, 'Delivered', 'updateorder ', '2024-08-28 14:52:38'),
(11, 20, 'in Process', 'waiting for the process\r\n', '2024-09-07 02:48:53'),
(12, 9, 'Delivered', 'successful order', '2025-02-07 13:52:13'),
(13, 10, 'Cancelled', 'aaaa', '2025-02-19 16:06:17'),
(14, 10, 'Cancelled', 'aaaa', '2025-02-19 16:07:58'),
(15, 12, 'Delivered', 'Cancelled', '2025-02-19 16:28:18'),
(16, 10, 'cancelled', 'cancelled', '2025-02-19 16:31:24'),
(17, 10, 'Packed', 'Packed', '2025-02-19 16:35:01'),
(18, 13, 'Dispatched', 'Dispatched', '2025-02-19 16:36:47'),
(19, 16, 'Dispatched', 'Dispatched', '2025-02-19 16:37:08'),
(20, 22, 'In Transit', 'In Transit', '2025-02-19 16:38:42'),
(21, 10, 'Packed', 'Packed', '2025-02-19 16:39:24'),
(22, 22, 'cancelled', 'cancelled', '2025-02-19 16:42:49'),
(23, 10, 'Delivered', 'Your orders are successfully delivered ', '2025-02-21 17:13:10'),
(24, 10, 'Delivered', 'Your orders are successfully delivered ', '2025-02-21 17:13:20'),
(25, 10, 'Delivered', 'Your orders are successfully delivered ', '2025-02-21 17:13:45'),
(26, 11, 'cancelled', 'Your order has been canceled successfully. If you have any questions, feel free to contact us.', '2025-02-21 17:28:01'),
(27, 11, 'Delivered', 'Your order has been Delivered successfully. If you have any questions, feel free to contact us.', '2025-02-21 17:28:48'),
(28, 13, 'Delivered', 'Your order has been Delivered successfully. If you have any questions, feel free to contact us.', '2025-02-21 17:29:03'),
(29, 14, 'Delivered', 'Your order has been Delivered successfully. If you have any questions, feel free to contact us.', '2025-02-21 17:30:16'),
(30, 15, 'Delivered', 'Your order has been Delivered successfully. If you have any questions, feel free to contact us.', '2025-02-21 17:30:29'),
(31, 16, 'Delivered', 'Your order has been Delivered successfully. If you have any questions, feel free to contact us.', '2025-02-21 17:30:43'),
(32, 21, 'Delivered', 'Your order has been Delivered successfully. If you have any questions, feel free to contact us.', '2025-02-21 17:30:58'),
(33, 22, 'Delivered', 'Your order has been Delivered successfully. If you have any questions, feel free to contact us.', '2025-02-21 17:31:12'),
(34, 23, 'Delivered', 'Your order has been Delivered successfully. If you have any questions, feel free to contact us.', '2025-02-21 17:31:26'),
(35, 24, 'Delivered', 'Your order has been Delivered successfully. If you have any questions, feel free to contact us.', '2025-02-21 17:31:39'),
(36, 26, 'Delivered', 'Your order has been Delivered successfully. If you have any questions, feel free to contact us.', '2025-02-21 17:31:55'),
(37, 29, 'Delivered', 'Your order has been Delivered successfully. If you have any questions, feel free to contact us.', '2025-02-21 17:32:51'),
(38, 30, 'Delivered', 'Your order has been Delivered successfully. If you have any questions, feel free to contact us.', '2025-02-21 17:33:10'),
(39, 31, 'Delivered', 'Your order has been Delivered successfully. If you have any questions, feel free to contact us.', '2025-02-21 17:33:23'),
(40, 32, 'Delivered', 'Your order has been Delivered successfully. If you have any questions, feel free to contact us.', '2025-02-21 17:33:36'),
(41, 33, 'Delivered', 'Your order has been Delivered successfully. If you have any questions, feel free to contact us.', '2025-02-21 17:33:49'),
(42, 34, 'Delivered', 'Your order has been Delivered successfully. If you have any questions, feel free to contact us.', '2025-02-21 17:34:02'),
(43, 35, 'in Process', 'Your Order is In Process', '2025-02-22 12:47:45'),
(44, 35, 'Packed', 'Your order has been Packed successfully. If you have any questions, feel free to contact us.	\r\n', '2025-02-22 12:48:21'),
(45, 35, 'Dispatched', 'Your order has been Dispatched successfully. If you have any questions, feel free to contact us.	\r\n', '2025-02-22 12:48:56'),
(46, 35, 'In Transit', 'Your order has been In Transit successfully. If you have any questions, feel free to contact us.	\r\n', '2025-02-22 12:49:58'),
(47, 35, 'Out For Delivery', 'Your order has been Out For Delivery successfully. If you have any questions, feel free to contact us.	\r\n', '2025-02-22 12:50:24'),
(48, 35, 'cancelled', 'Your order has been Cancelled successfully. ', '2025-02-22 12:50:42'),
(49, 35, 'cancelled', 'Your order has been Cancelled successfully. ', '2025-02-22 12:52:12'),
(50, 38, 'in Process', 'your order in process', '2025-02-27 04:55:48'),
(51, 38, 'Packed', 'packed', '2025-02-27 04:56:00'),
(52, 38, 'cancelled', 'bb', '2025-02-27 04:56:45'),
(53, 38, 'Delivered', 'your orders is de', '2025-02-27 05:04:32'),
(54, 39, 'Delivered', 'd', '2025-02-27 08:31:03'),
(55, 70, 'in Process', 'Your Order In process', '2025-03-03 16:00:12'),
(56, 70, 'Packed', 'Your Order Is Packed', '2025-03-03 16:00:44'),
(57, 70, 'Dispatched', 'Your Order Is Dispatched\r\n', '2025-03-03 16:01:00'),
(58, 70, 'In Transit', 'Your Order Is In Transit', '2025-03-03 16:01:20'),
(59, 70, 'Out For Delivery', 'Your Order Is Out Of Delivery', '2025-03-03 16:01:34'),
(60, 70, 'Delivered', 'Your Order Is Delivered Successfully!! Thank You For Order....', '2025-03-03 16:02:28'),
(61, 71, 'cancelled', 'cas', '2025-03-07 15:57:15'),
(62, 71, 'cancelled', 'aaa', '2025-03-07 15:59:57'),
(63, 71, 'cancelled', 'aaaaa', '2025-03-07 16:00:36'),
(64, 71, 'In Transit', 'aaa', '2025-03-07 16:01:00'),
(65, 71, 'cancelled', 'aaa', '2025-03-07 16:01:13'),
(66, 71, 'cancelled', 'aaaa', '2025-03-07 16:05:09'),
(67, 71, 'cancelled', 'yes', '2025-03-07 16:05:21'),
(68, 71, 'In Transit', 'aaaaa', '2025-03-07 16:07:16'),
(69, 71, 'In Transit', 'aaaaa', '2025-03-07 16:08:49'),
(70, 71, 'in Process', 'aaa', '2025-03-07 16:09:17'),
(71, 71, 'cancelled', 'aman\r\n', '2025-03-07 16:30:17'),
(72, 71, 'Out For Delivery', 'aaa', '2025-03-07 16:48:00'),
(73, 71, 'Delivered', 'aaaaa', '2025-03-07 16:50:02'),
(74, 72, 'Delivered', 'aaaaaaaaaa', '2025-03-07 17:26:11'),
(75, 73, 'cancelled', 'cancel now', '2025-03-07 17:33:35'),
(76, 73, 'Out For Delivery', 'aaaaa', '2025-03-07 17:35:21'),
(77, 74, 'in Process', 'asdasdd', '2025-03-08 04:40:07'),
(78, 74, 'Delivered', 'asdsddd', '2025-03-08 04:40:26'),
(79, 75, 'cancelled', 'cancel order now', '2025-03-08 17:29:34'),
(80, 75, 'In Transit', 'in transit order', '2025-03-08 17:31:49');

-- --------------------------------------------------------

--
-- Table structure for table `productreviews`
--

CREATE TABLE `productreviews` (
  `id` int(11) NOT NULL,
  `productId` int(11) DEFAULT NULL,
  `quality` int(11) DEFAULT NULL,
  `price` int(11) DEFAULT NULL,
  `value` int(11) DEFAULT NULL,
  `name` varchar(255) DEFAULT NULL,
  `summary` varchar(255) DEFAULT NULL,
  `review` longtext DEFAULT NULL,
  `reviewDate` timestamp NOT NULL DEFAULT current_timestamp()
) ENGINE=InnoDB DEFAULT CHARSET=latin1 COLLATE=latin1_swedish_ci;

--
-- Dumping data for table `productreviews`
--

INSERT INTO `productreviews` (`id`, `productId`, `quality`, `price`, `value`, `name`, `summary`, `review`, `reviewDate`) VALUES
(194, 107, 5, 5, 5, 'Aman Nayak', 'A stylish and user-friendly fashion e-commerce platform with great product variety and competitive p', 'QUINTET offers a fantastic selection of trendy fashion items with excellent quality. The website is easy to navigate, and the prices are reasonable for the value provided. With smooth checkout and timely delivery, it’s a great shopping destination for fashion lovers.', '2025-02-20 14:40:43'),
(195, 107, 5, 5, 5, 'Aman Nayak', 'A stylish and user-friendly fashion e-commerce platform with great product variety and competitive p', 'QUINTET offers a fantastic selection of trendy fashion items with excellent quality. The website is easy to navigate, and the prices are reasonable for the value provided. With smooth checkout and timely delivery, it’s a great shopping destination for fashion lovers.', '2025-02-20 14:41:07'),
(196, 107, 4, 3, 3, 'dev patel', 'Stylish collection with great quality but slightly premium pricing.', 'QUINTET offers a trendy and diverse fashion collection with high-quality products. The website is user-friendly, making shopping easy and enjoyable. While the prices are on the higher side, the overall value justifies the cost with excellent material and stylish designs. A great choice for fashion enthusiasts!\r\n\r\n\r\n\r\n', '2025-02-20 14:42:09'),
(197, 107, 5, 5, 5, 'Manoj Prajapati ', 'Stylish collection with great quality but slightly premium pricing.', 'QUINTET offers trendy fashion with high-quality materials. Prices are a bit high, but the value justifies the cost.\r\n\r\n', '2025-02-20 14:43:14'),
(198, 107, 5, 5, 5, 'Krish SADHU', 'Excellent quality but could be more affordable.', 'The outfits are stylish and durable, but the price range might not suit budget shoppers.\r\n\r\n', '2025-02-20 14:43:50'),
(199, 107, 4, 4, 4, 'PARTH PATEL', 'Good balance of quality and price.', 'A great shopping experience with good discounts. The quality is reliable, making it worth the purchase.\r\n\r\n', '2025-02-20 14:44:31'),
(200, 107, 4, 4, 4, 'PARTH PATEL', 'Good balance of quality and price.', 'A great shopping experience with good discounts. The quality is reliable, making it worth the purchase.\r\n\r\n', '2025-02-20 14:44:41'),
(201, 107, 4, 4, 4, 'PARTH PATEL', 'Good balance of quality and price.', 'A great shopping experience with good discounts. The quality is reliable, making it worth the purchase.\r\n\r\n', '2025-02-20 14:44:42'),
(202, 107, 4, 4, 4, 'PARTH PATEL', 'Good balance of quality and price.', 'A great shopping experience with good discounts. The quality is reliable, making it worth the purchase.\r\n\r\n', '2025-02-20 14:44:43'),
(203, 107, 4, 4, 4, 'PARTH PATEL', 'Good balance of quality and price.', 'A great shopping experience with good discounts. The quality is reliable, making it worth the purchase.\r\n\r\n', '2025-02-20 14:44:43'),
(204, 107, 4, 4, 4, 'PARTH PATEL', 'Good balance of quality and price.', 'A great shopping experience with good discounts. The quality is reliable, making it worth the purchase.\r\n\r\n', '2025-02-20 14:44:44'),
(205, 107, 5, 5, 5, 'Aman Nayak', 'demo', 'gggg', '2025-02-27 08:33:44');

-- --------------------------------------------------------

--
-- Table structure for table `products`
--

CREATE TABLE `products` (
  `id` int(11) NOT NULL,
  `category` int(11) NOT NULL,
  `subCategory` int(11) DEFAULT NULL,
  `productName` varchar(255) DEFAULT NULL,
  `productCompany` varchar(255) DEFAULT NULL,
  `productPrice` int(11) DEFAULT NULL,
  `productPriceBeforeDiscount` int(11) DEFAULT NULL,
  `productDescription` longtext DEFAULT NULL,
  `productImage1` varchar(255) DEFAULT NULL,
  `productImage2` varchar(255) DEFAULT NULL,
  `productImage3` varchar(255) DEFAULT NULL,
  `shippingCharge` int(11) DEFAULT NULL,
  `productAvailability` varchar(255) DEFAULT NULL,
  `postingDate` timestamp NULL DEFAULT current_timestamp(),
  `updationDate` varchar(255) DEFAULT NULL,
  `productColor` varchar(50) DEFAULT NULL,
  `productImageFour` varchar(255) DEFAULT NULL,
  `productImageFive` varchar(255) DEFAULT NULL,
  `productImageSix` varchar(255) DEFAULT NULL,
  `ProductCare` mediumtext DEFAULT NULL,
  `productSizes` varchar(255) DEFAULT NULL
) ENGINE=InnoDB DEFAULT CHARSET=latin1 COLLATE=latin1_swedish_ci;

--
-- Dumping data for table `products`
--

INSERT INTO `products` (`id`, `category`, `subCategory`, `productName`, `productCompany`, `productPrice`, `productPriceBeforeDiscount`, `productDescription`, `productImage1`, `productImage2`, `productImage3`, `shippingCharge`, `productAvailability`, `postingDate`, `updationDate`, `productColor`, `productImageFour`, `productImageFive`, `productImageSix`, `ProductCare`, `productSizes`) VALUES
(30, 8, 15, 'SHIRT WITH TAB DETAIL', 'QUINTET  ', 1, 4000, '                                                                                                <p><font size=\"1\">COMPOSITION, CARE &amp; ORIGIN</font></p><p><font size=\"1\">COMPOSITION<br>We work with monitoring programmes to ensure compliance with our social, environmental and health and safety standards for our products. To assess compliance, we have developed a programme of audits and continuous improvement plans.</font></p><p><font size=\"1\">OUTER SHELL<br>82% modal<br>18% polyester</font></p><p><font size=\"1\">CARE<br>Caring for your clothes is caring for the environment. Lower temperature washes and delicate spin cycles are gentler on garments and help to protect the colour, shape and structure of the fabric. Furthermore, they reduce the amount of energy used in care processes.</font></p><p><font size=\"1\">Clothing Care Guide<br>? Machine wash at max. 30ºC/86ºF with short spin cycle<br>? Do not use bleach<br>? Iron at a maximum of 110ºC/230ºF<br>? Dry clean with tetrachloroethylene<br>? Do not tumble dry</font></p><p><font size=\"1\">ORIGIN<br>We work with our suppliers, workers, unions and international organisations to develop a supply chain in which human rights are respected and promoted, contributing to the United Nations Sustainable Development Goals. Thanks to the collaboration with our suppliers, we work to know the facilities and processes used to manufacture our products in order to understand their traceability.</font></p><p><font size=\"1\">Made in Morocco</font><br></p>\r\n                                                                                                                                                                                                                                                                                                                    ', '08778648400-p.jpg', '08778648400-a1.jpg', '08778648400-e4.jpg', 200, 'In Stock', '2024-08-24 04:26:04', NULL, 'Blue', '08778648400-e2.jpg', '08778648400-e3.jpg', '08778648400-e1.jpg', '                                                                                                                                                Collared shirt with a v-neck. Featuring long sleeves with adjustable tab cuffs, a knotted hem detail and a button-up front.                                                                                                                                    ', 'L'),
(31, 8, 15, 'LINEN BLEND SHORT SLEEVE SHIRT', 'ZARA', 1, 4000, '                                                                                                                                                                                                                                                                                                                <font size=\"2\">                                                                                                                                                                                                                                                                                                                                                                                                                                                                                                                                                                                                                                                                                                                                                                                                                                																																				Shirt made of a linen blend. Johnny collar and short turn-up sleeves with buttoned tabs. Front patch pockets. Button-up front.</font><div><font size=\"2\"><br></font>																																				                                                                                                                                                                                                                                                                                                                                                                                                                                                                                                                                                                                                                                                                                                                                                                                                                                <div><p><font size=\"2\">COMPOSITION, CARE &amp; ORIGIN<br>COMPOSITION</font></p><p><font size=\"2\"><span style=\"font-weight: bolder;\"><br></span>We work with monitoring programmes to ensure compliance with our social, environmental, and health and safety standards for our products. To assess compliance, we have developed a programme of audits and continuous improvement plans.</font></p><p><font size=\"2\">OUTER SHELL<br>76% viscose<br>22% polyamide<br>2% polyester</font></p><p><font size=\"2\">CARE<br>Caring for your clothes is caring for the environment.<br>Lower temperature washes and delicate spin cycles are gentler on garments and help to protect the colour, shape, and structure of the fabric. Furthermore, they reduce the amount of energy used in care processes.</font></p><p><font size=\"2\">Clothing Care Guide<br>Machine wash at max. 30ºC/86ºF with short spin cycle<br>Do not use bleach<br>Iron at a maximum of 110ºC/230ºF<br>Do not dry clean<br>Do not tumble dry</font></p><p><font size=\"2\">ORIGIN<br>We work with our suppliers, workers, unions, and international organisations to develop a supply chain in which human rights are respected and promoted, contributing to the United Nations Sustainable Development Goals.<br>Thanks to the collaboration with our suppliers, we work to know the facilities and processes used to manufacture our products in order to understand their traceability.<br>Made in Cambodia</font></p></div></div>                                                                                                                                                                                                                                                                                                    ', '03641829612-p.jpg', '03641829612-a2.jpg', '03641829612-a3.jpg', 1, 'In Stock', '2024-08-24 04:30:28', NULL, 'lightpink', '03641829612-e3.jpg', '03641829612-e2.jpg', '03641829612-e1.jpg', '                                                                                                                                                                                                                                                                                    ', 'M'),
(32, 8, 15, 'LINEN BLEND SHORT SLEEVE SHIRT', 'ZARA', 3550, 4000, '<font size=\"2\">                                                                                                                                                                																		Shirt made of a linen blend. Johnny collar and long turn-up sleeves with buttoned tabs. Front knot detail at the hem. Front fastening with wooden buttons.</font><br>																		                                                                                                                                                                <div><font size=\"2\"><br></font></div><div><p><font size=\"2\">COMPOSITION, CARE &amp; ORIGIN<br>COMPOSITION</font></p><p><font size=\"2\"><span style=\"font-weight: bolder;\"><br></span>We work with monitoring programmes to ensure compliance with our social, environmental, and health and safety standards for our products. To assess compliance, we have developed a programme of audits and continuous improvement plans.</font></p><p><font size=\"2\">OUTER SHELL<br>76% viscose<br>22% polyamide<br>2% polyester</font></p><p><font size=\"2\">CARE<br>Caring for your clothes is caring for the environment.<br>Lower temperature washes and delicate spin cycles are gentler on garments and help to protect the colour, shape, and structure of the fabric. Furthermore, they reduce the amount of energy used in care processes.</font></p><p><font size=\"2\">Clothing Care Guide<br>Machine wash at max. 30ºC/86ºF with short spin cycle<br>Do not use bleach<br>Iron at a maximum of 110ºC/230ºF<br>Do not dry clean<br>Do not tumble dry</font></p><p><font size=\"2\">ORIGIN<br>We work with our suppliers, workers, unions, and international organisations to develop a supply chain in which human rights are respected and promoted, contributing to the United Nations Sustainable Development Goals.<br>Thanks to the collaboration with our suppliers, we work to know the facilities and processes used to manufacture our products in order to understand their traceability.<br>Made in Cambodia</font></p></div>', '03035790044-p.jpg', '03035790044-a1.jpg', '03035790044-e4.jpg', 200, 'Out of Stock', '2024-08-24 04:34:23', NULL, 'Blue & White', '03035790044-e2 (1).jpg', '03035790044-e3 (1).jpg', '03035790044-e1 (1).jpg', NULL, NULL),
(33, 8, 15, 'CROPPED SHIRT WITH FLAPS', 'ZARA', 3550, 4000, '<font size=\"2\">                                                                                                                                                                                                                                                                                                                                                                                                                                                                                                                                                                                                                                                                                                                                                                                                                                                                                                                                                                                                                                                                                                                                                                																		Collared shirt with long sleeves. Front flap details. Button-up front.																		                                                                                                                                                                                                                                                                                                                                                                                                                                                                                                                                                                                                                                                                                                                                                                                                                                                                                                                                                                                                                                                                                                                                                                </font><div><font size=\"2\"><br></font></div><div><p><font size=\"2\">COMPOSITION, CARE &amp; ORIGIN<br>COMPOSITION</font></p><p><font size=\"2\"><span style=\"font-weight: bolder;\"><br></span>We work with monitoring programmes to ensure compliance with our social, environmental, and health and safety standards for our products. To assess compliance, we have developed a programme of audits and continuous improvement plans.</font></p><p><font size=\"2\">OUTER SHELL<br>76% viscose<br>22% polyamide<br>2% polyester</font></p><p><font size=\"2\">CARE<br>Caring for your clothes is caring for the environment.<br>Lower temperature washes and delicate spin cycles are gentler on garments and help to protect the colour, shape, and structure of the fabric. Furthermore, they reduce the amount of energy used in care processes.</font></p><p><font size=\"2\">Clothing Care Guide<br>Machine wash at max. 30ºC/86ºF with short spin cycle<br>Do not use bleach<br>Iron at a maximum of 110ºC/230ºF<br>Do not dry clean<br>Do not tumble dry</font></p><p><font size=\"2\">ORIGIN<br>We work with our suppliers, workers, unions, and international organisations to develop a supply chain in which human rights are respected and promoted, contributing to the United Nations Sustainable Development Goals.<br>Thanks to the collaboration with our suppliers, we work to know the facilities and processes used to manufacture our products in order to understand their traceability.<br>Made in Cambodia</font></p></div>', '03641831119-a1.jpg', '03641831119-p.jpg', '03641831119-a3.jpg', 200, 'Out of Stock', '2024-08-24 04:36:14', NULL, 'Yellow', '03641831119-e3.jpg', '03641831119-e2.jpg', '03641831119-e1.jpg', NULL, NULL),
(34, 8, 16, 'FADED SHELL T-SHIRT', 'ZARA', 3550, 4000, '                                                                                                                                                                																																				<font color=\"#000000\" face=\"Neue-Helvetica, Helvetica, Arial, sans-serif\" size=\"2\"><span style=\"letter-spacing: 0.4px;\">REGULAR FIT - ROUND NECK - NORMAL LENGTH - SHORT SLEEVE</span></font><br style=\"box-sizing: border-box; color: rgb(0, 0, 0); font-family: Neue-Helvetica, Helvetica, Arial, &quot;sans-serif&quot;; letter-spacing: 0.4px; background-color: rgb(255, 255, 255); font-size: 11px;\">																																				                                                                                                                                                                <div><font color=\"#000000\" face=\"Neue-Helvetica, Helvetica, Arial, sans-serif\" size=\"2\"><span style=\"letter-spacing: 0.4px;\"><br></span></font></div><div><p><font size=\"2\">COMPOSITION, CARE &amp; ORIGIN<br>COMPOSITION</font></p><p><font size=\"2\"><span style=\"font-weight: bolder;\"><br></span>We work with monitoring programmes to ensure compliance with our social, environmental, and health and safety standards for our products. To assess compliance, we have developed a programme of audits and continuous improvement plans.</font></p><p><font size=\"2\">OUTER SHELL<br>76% viscose<br>22% polyamide<br>2% polyester</font></p><p><font size=\"2\">CARE<br>Caring for your clothes is caring for the environment.<br>Lower temperature washes and delicate spin cycles are gentler on garments and help to protect the colour, shape, and structure of the fabric. Furthermore, they reduce the amount of energy used in care processes.</font></p><p><font size=\"2\">Clothing Care Guide<br>Machine wash at max. 30ºC/86ºF with short spin cycle<br>Do not use bleach<br>Iron at a maximum of 110ºC/230ºF<br>Do not dry clean<br>Do not tumble dry</font></p><p><font size=\"2\">ORIGIN<br>We work with our suppliers, workers, unions, and international organisations to develop a supply chain in which human rights are respected and promoted, contributing to the United Nations Sustainable Development Goals.<br>Thanks to the collaboration with our suppliers, we work to know the facilities and processes used to manufacture our products in order to understand their traceability.<br>Made in Cambodia</font></p></div>', '00085842807-a1.jpg', '00085842807-a3.jpg', '00085842807-a2.jpg', 200, 'Out of Stock', '2024-08-24 04:41:14', NULL, 'Pink', '00085842807-e3.jpg', '00085842807-e2.jpg', '00085842807-e1.jpg', NULL, NULL),
(35, 8, 16, 'NEW YORK VARSITY T-SHIRT', 'ZARA', 3550, 4000, '<font size=\"2\">                                                                                                                                                                																		OVERSIZE FIT - V-NECK - SHORT - SHORT SLEEVES																		                                                                                                                                                                </font><div><font size=\"2\"><br></font></div><div><p><font size=\"2\">COMPOSITION, CARE &amp; ORIGIN<br>COMPOSITION</font></p><p><font size=\"2\"><span style=\"font-weight: bolder;\"><br></span>We work with monitoring programmes to ensure compliance with our social, environmental, and health and safety standards for our products. To assess compliance, we have developed a programme of audits and continuous improvement plans.</font></p><p><font size=\"2\">OUTER SHELL<br>76% viscose<br>22% polyamide<br>2% polyester</font></p><p><font size=\"2\">CARE<br>Caring for your clothes is caring for the environment.<br>Lower temperature washes and delicate spin cycles are gentler on garments and help to protect the colour, shape, and structure of the fabric. Furthermore, they reduce the amount of energy used in care processes.</font></p><p><font size=\"2\">Clothing Care Guide<br>Machine wash at max. 30ºC/86ºF with short spin cycle<br>Do not use bleach<br>Iron at a maximum of 110ºC/230ºF<br>Do not dry clean<br>Do not tumble dry</font></p><p><font size=\"2\">ORIGIN<br>We work with our suppliers, workers, unions, and international organisations to develop a supply chain in which human rights are respected and promoted, contributing to the United Nations Sustainable Development Goals.<br>Thanks to the collaboration with our suppliers, we work to know the facilities and processes used to manufacture our products in order to understand their traceability.<br>Made in Cambodia</font></p></div>', '00264818450-a1.jpg', '00264818450-p.jpg', '00264818450-a2.jpg', 200, 'Out of Stock', '2024-08-24 04:43:47', NULL, 'Beige', '00264818450-e3 (1).jpg', '00264818450-e2 (1).jpg', '00264818450-e1 (1).jpg', NULL, NULL),
(36, 8, 16, 'VARSITY T-SHIRT WITH SLOGAN', 'ZARA', 3550, 4000, '<font size=\"2\">                                                                                                                                                                                                                                                                                                                                                                                                                                                                                                																																				OVERSIZE FIT - ROUND NECK - SHORT - SHORT SLEEVES&nbsp;&nbsp;</font><div><font size=\"2\"><br></font></div><div><font size=\"2\">Oversize T-shirt with a round neckline, drop-shoulder short sleeves and a contrast slogan detail.</font><br>																																				                                                                                                                                                                                                                                                                                                                                                                                                                                                                                                </div><div><font size=\"2\"><br></font></div><div><p><font size=\"2\">COMPOSITION, CARE &amp; ORIGIN<br>COMPOSITION</font></p><p><font size=\"2\"><span style=\"font-weight: bolder;\"><br></span>We work with monitoring programmes to ensure compliance with our social, environmental, and health and safety standards for our products. To assess compliance, we have developed a programme of audits and continuous improvement plans.</font></p><p><font size=\"2\">OUTER SHELL<br>76% viscose<br>22% polyamide<br>2% polyester</font></p><p><font size=\"2\">CARE<br>Caring for your clothes is caring for the environment.<br>Lower temperature washes and delicate spin cycles are gentler on garments and help to protect the colour, shape, and structure of the fabric. Furthermore, they reduce the amount of energy used in care processes.</font></p><p><font size=\"2\">Clothing Care Guide<br>Machine wash at max. 30ºC/86ºF with short spin cycle<br>Do not use bleach<br>Iron at a maximum of 110ºC/230ºF<br>Do not dry clean<br>Do not tumble dry</font></p><p><font size=\"2\">ORIGIN<br>We work with our suppliers, workers, unions, and international organisations to develop a supply chain in which human rights are respected and promoted, contributing to the United Nations Sustainable Development Goals.<br>Thanks to the collaboration with our suppliers, we work to know the facilities and processes used to manufacture our products in order to understand their traceability.<br>Made in Cambodia</font></p></div>', '4.jpg', '01300815309-a2.jpg', '01300815309-a1.jpg', 200, 'Out of Stock', '2024-08-24 04:45:02', NULL, 'Yellow', '01300815309-e2.jpg', '01300815309-e3.jpg', '01300815309-e1.jpg', NULL, NULL),
(37, 8, 16, 'CONTRAST PUFF SLEEVE T-SHIRT', 'ZARA', 3550, 4000, '<font size=\"2\">                                                                                                                                                                                                                                                                                                                                                                                                                                                                                                																		SLIM FIT - ROUND NECK - NORMAL LENGTH - 3/4 SLEEVES&nbsp;&nbsp;</font><div><font size=\"2\"><br></font><div><font size=\"2\">T-shirt featuring a round neck, 3/4 puff sleeves with elasticated trims and matching fabric details.</font><br></div><div><font size=\"2\"><br></font></div><div><p><font size=\"2\">COMPOSITION, CARE &amp; ORIGIN<br>COMPOSITION</font></p><p><font size=\"2\"><span style=\"font-weight: bolder;\"><br></span>We work with monitoring programmes to ensure compliance with our social, environmental, and health and safety standards for our products. To assess compliance, we have developed a programme of audits and continuous improvement plans.</font></p><p><font size=\"2\">OUTER SHELL<br>76% viscose<br>22% polyamide<br>2% polyester</font></p><p><font size=\"2\">CARE<br>Caring for your clothes is caring for the environment.<br>Lower temperature washes and delicate spin cycles are gentler on garments and help to protect the colour, shape, and structure of the fabric. Furthermore, they reduce the amount of energy used in care processes.</font></p><p><font size=\"2\">Clothing Care Guide<br>Machine wash at max. 30ºC/86ºF with short spin cycle<br>Do not use bleach<br>Iron at a maximum of 110ºC/230ºF<br>Do not dry clean<br>Do not tumble dry</font></p><p><font size=\"2\">ORIGIN<br>We work with our suppliers, workers, unions, and international organisations to develop a supply chain in which human rights are respected and promoted, contributing to the United Nations Sustainable Development Goals.<br>Thanks to the collaboration with our suppliers, we work to know the facilities and processes used to manufacture our products in order to understand their traceability.<br>Made in Cambodia</font></p></div>																		                                                                                                                                                                                                                                                                                                                                                                                                                                                                                                </div>', '00085635507-a1.jpg', '00085635507-p.jpg', '00085635507-a2.jpg', 100, 'Out of Stock', '2024-08-24 04:49:44', NULL, 'Darkgreen', '00085635507-a3.jpg', '00085635507-e3 (1).jpg', '00085635507-e1 (1).jpg', NULL, NULL),
(38, 10, 18, 'STRIPED VISCOSE BLEND SHIRT', 'ZARA', 3550, 4000, '                                                                                                                                                                <p><font size=\"2\"><span style=\"font-weight: bolder;\">COMPOSITION, CARE &amp; ORIGIN</span></font></p><p><font size=\"2\"><span style=\"font-weight: bolder;\">COMPOSITION</span></font></p><p><font size=\"2\"><b><br></b>We work with monitoring programmes to ensure compliance with our social, environmental, and health and safety standards for our products. To assess compliance, we have developed a programme of audits and continuous improvement plans.</font></p><p><font size=\"2\"><span style=\"font-weight: bolder;\">OUTER SHELL</span><br>76% viscose<br>22% polyamide<br>2% polyester</font></p><p><font size=\"2\"><span style=\"font-weight: bolder;\">CARE</span><br>Caring for your clothes is caring for the environment.<br>Lower temperature washes and delicate spin cycles are gentler on garments and help to protect the colour, shape, and structure of the fabric. Furthermore, they reduce the amount of energy used in care processes.</font></p><p><font size=\"2\"><span style=\"font-weight: bolder;\">Clothing Care Guide</span><br>Machine wash at max. 30ºC/86ºF with short spin cycle<br>Do not use bleach<br>Iron at a maximum of 110ºC/230ºF<br>Do not dry clean<br>Do not tumble dry</font></p><p><font size=\"2\"><span style=\"font-weight: bolder;\">ORIGIN</span><br>We work with our suppliers, workers, unions, and international organisations to develop a supply chain in which human rights are respected and promoted, contributing to the United Nations Sustainable Development Goals.<br>Thanks to the collaboration with our suppliers, we work to know the facilities and processes used to manufacture our products in order to understand their traceability.<br>Made in Cambodia</font></p><p><font size=\"2\"><br></font></p>																		                                                                                                                                                                                                                                                                                                                                ', '05606048084-a1.jpg', '05606048084-a2.jpg', '05606048084-a3.jpg', 200, 'Out of Stock', '2024-08-24 05:00:19', NULL, 'black & White', '05606048084-e3.jpg', '05606048084-e2.jpg', '05606048084-e1.jpg', NULL, NULL),
(39, 10, 18, 'STRIPED TEXTURED SHIRT', 'ZARA', 3550, 4000, '<p><font size=\"2\"><span style=\"font-weight: bolder;\">COMPOSITION, CARE &amp; ORIGIN</span></font></p><p><font size=\"2\"><span style=\"font-weight: bolder;\">COMPOSITION</span></font></p><p><font size=\"2\"><b><br></b>We work with monitoring programmes to ensure compliance with our social, environmental, and health and safety standards for our products. To assess compliance, we have developed a programme of audits and continuous improvement plans.</font></p><p><font size=\"2\"><span style=\"font-weight: bolder;\">OUTER SHELL</span><br>76% viscose<br>22% polyamide<br>2% polyester</font></p><p><font size=\"2\"><span style=\"font-weight: bolder;\">CARE</span><br>Caring for your clothes is caring for the environment.<br>Lower temperature washes and delicate spin cycles are gentler on garments and help to protect the colour, shape, and structure of the fabric. Furthermore, they reduce the amount of energy used in care processes.</font></p><p><font size=\"2\"><span style=\"font-weight: bolder;\">Clothing Care Guide</span><br>Machine wash at max. 30ºC/86ºF with short spin cycle<br>Do not use bleach<br>Iron at a maximum of 110ºC/230ºF<br>Do not dry clean<br>Do not tumble dry</font></p><p><font size=\"2\"><span style=\"font-weight: bolder;\">ORIGIN</span><br>We work with our suppliers, workers, unions, and international organisations to develop a supply chain in which human rights are respected and promoted, contributing to the United Nations Sustainable Development Goals.<br>Thanks to the collaboration with our suppliers, we work to know the facilities and processes used to manufacture our products in order to understand their traceability.<br>Made in Cambodia</font></p>																		                                                                                                                                                                ', '05639410401-p.jpg', '05639410401-a1.jpg', '05639410401-a2.jpg', 200, 'Out of Stock', '2024-08-24 05:02:38', NULL, 'black & Gray', '05639410401-a5.jpg', '05639410401-a4.jpg', '05639410401-e1 (1).jpg', NULL, NULL),
(40, 10, 18, 'CONTRAST SATIN SHIRT', 'ZARA', 3550, 4000, '<p><font size=\"2\"><span style=\"font-weight: bolder;\">COMPOSITION, CARE &amp; ORIGIN</span><br><span style=\"font-weight: bolder;\">COMPOSITION</span></font></p><p><font size=\"2\"><b><br></b>We work with monitoring programmes to ensure compliance with our social, environmental, and health and safety standards for our products. To assess compliance, we have developed a programme of audits and continuous improvement plans.</font></p><p><font size=\"2\"><span style=\"font-weight: bolder;\">OUTER SHELL</span><br>76% viscose<br>22% polyamide<br>2% polyester</font></p><p><font size=\"2\"><span style=\"font-weight: bolder;\">CARE</span><br>Caring for your clothes is caring for the environment.<br>Lower temperature washes and delicate spin cycles are gentler on garments and help to protect the colour, shape, and structure of the fabric. Furthermore, they reduce the amount of energy used in care processes.</font></p><p><font size=\"2\"><span style=\"font-weight: bolder;\">Clothing Care Guide</span><br>Machine wash at max. 30ºC/86ºF with short spin cycle<br>Do not use bleach<br>Iron at a maximum of 110ºC/230ºF<br>Do not dry clean<br>Do not tumble dry</font></p><p><font size=\"2\"><span style=\"font-weight: bolder;\">ORIGIN</span><br>We work with our suppliers, workers, unions, and international organisations to develop a supply chain in which human rights are respected and promoted, contributing to the United Nations Sustainable Development Goals.<br>Thanks to the collaboration with our suppliers, we work to know the facilities and processes used to manufacture our products in order to understand their traceability.<br>Made in Cambodia</font></p>', '06085330500-p.jpg', '06085330500-a1.jpg', '06085330500-a2.jpg', 200, 'Out of Stock', '2024-08-24 05:05:33', NULL, 'White & Teal', '06085330500-a3.jpg', '06085330500-a4.jpg', '06085330500-e1 (1).jpg', NULL, NULL),
(41, 10, 18, 'STRIPED SHIRT WITH SPRAY PRINT', 'ZARA', 3550, 4000, '<p><font size=\"2\"><span style=\"font-weight: bolder;\">COMPOSITION, CARE &amp; ORIGIN</span><br><span style=\"font-weight: bolder;\">COMPOSITION</span></font></p><p><font size=\"2\"><b><br></b>We work with monitoring programmes to ensure compliance with our social, environmental, and health and safety standards for our products. To assess compliance, we have developed a programme of audits and continuous improvement plans.</font></p><p><font size=\"2\"><span style=\"font-weight: bolder;\">OUTER SHELL</span><br>76% viscose<br>22% polyamide<br>2% polyester</font></p><p><font size=\"2\"><span style=\"font-weight: bolder;\">CARE</span><br>Caring for your clothes is caring for the environment.<br>Lower temperature washes and delicate spin cycles are gentler on garments and help to protect the colour, shape, and structure of the fabric. Furthermore, they reduce the amount of energy used in care processes.</font></p><p><font size=\"2\"><span style=\"font-weight: bolder;\">Clothing Care Guide</span><br>Machine wash at max. 30ºC/86ºF with short spin cycle<br>Do not use bleach<br>Iron at a maximum of 110ºC/230ºF<br>Do not dry clean<br>Do not tumble dry</font></p><p><font size=\"2\"><span style=\"font-weight: bolder;\">ORIGIN</span><br>We work with our suppliers, workers, unions, and international organisations to develop a supply chain in which human rights are respected and promoted, contributing to the United Nations Sustainable Development Goals.<br>Thanks to the collaboration with our suppliers, we work to know the facilities and processes used to manufacture our products in order to understand their traceability.<br>Made in Cambodia</font></p>																																				                                                                                                                                                                ', '05693524104-p.jpg', '05693524104-a1.jpg', '05693524104-a2.jpg', 200, 'Out of Stock', '2024-08-24 05:06:38', NULL, 'black & Gray', '05693524104-a3.jpg', '05693524104-a4.jpg', '05693524104-e1 (1).jpg', NULL, NULL),
(42, 10, 17, 'FADED EMBROIDERED T-SHIRT', 'ZARA', 3550, 4000, '                                                                                                                                                                <div><p><font size=\"2\"><span style=\"font-weight: bolder;\">COMPOSITION, CARE &amp; ORIGIN</span></font></p><p><font size=\"2\"><span style=\"font-weight: bolder;\">COMPOSITION</span></font></p><p><font size=\"2\"><span style=\"font-weight: bolder;\"><br></span>We work with monitoring programmes to ensure compliance with our social, environmental, and health and safety standards for our products. To assess compliance, we have developed a programme of audits and continuous improvement plans.</font></p><p><font size=\"2\"><span style=\"font-weight: bolder;\">OUTER SHELL</span><br>76% viscose<br>22% polyamide<br>2% polyester</font></p><p><font size=\"2\"><span style=\"font-weight: bolder;\">CARE</span><br>Caring for your clothes is caring for the environment.<br>Lower temperature washes and delicate spin cycles are gentler on garments and help to protect the colour, shape, and structure of the fabric. Furthermore, they reduce the amount of energy used in care processes.</font></p><p><font size=\"2\"><span style=\"font-weight: bolder;\">Clothing Care Guide</span><br>Machine wash at max. 30ºC/86ºF with short spin cycle<br>Do not use bleach<br>Iron at a maximum of 110ºC/230ºF<br>Do not dry clean<br>Do not tumble dry</font></p><p><font size=\"2\"><span style=\"font-weight: bolder;\">ORIGIN</span><br>We work with our suppliers, workers, unions, and international organisations to develop a supply chain in which human rights are respected and promoted, contributing to the United Nations Sustainable Development Goals.<br>Thanks to the collaboration with our suppliers, we work to know the facilities and processes used to manufacture our products in order to understand their traceability.<br>Made in Cambodia</font></p></div><div><font size=\"2\"><br></font></div>																		                                                                                                                                                                                                                                                                                                                                ', '06224345604-p.jpg', '06224345604-a1.jpg', '06224345604-a4.jpg', 200, 'Out of Stock', '2024-08-24 05:10:45', NULL, 'maroon', '06224345604-a3.jpg', '06224345604-e3 (1).jpg', '06224345604-e1 (1).jpg', NULL, NULL),
(43, 10, 17, 'KNIT T-SHIRT WITH ABSTRACT PRINT', 'ZARA', 3550, 4000, '<p><font size=\"2\"><span style=\"font-weight: bolder;\">COMPOSITION, CARE &amp; ORIGIN</span></font></p><p><font size=\"2\"><span style=\"font-weight: bolder;\">COMPOSITION</span></font></p><p><font size=\"2\"><span style=\"font-weight: bolder;\"><br></span>We work with monitoring programmes to ensure compliance with our social, environmental, and health and safety standards for our products. To assess compliance, we have developed a programme of audits and continuous improvement plans.</font></p><p><font size=\"2\"><span style=\"font-weight: bolder;\">OUTER SHELL</span><br>76% viscose<br>22% polyamide<br>2% polyester</font></p><p><font size=\"2\"><span style=\"font-weight: bolder;\">CARE</span><br>Caring for your clothes is caring for the environment.<br>Lower temperature washes and delicate spin cycles are gentler on garments and help to protect the colour, shape, and structure of the fabric. Furthermore, they reduce the amount of energy used in care processes.</font></p><p><font size=\"2\"><span style=\"font-weight: bolder;\">Clothing Care Guide</span><br>Machine wash at max. 30ºC/86ºF with short spin cycle<br>Do not use bleach<br>Iron at a maximum of 110ºC/230ºF<br>Do not dry clean<br>Do not tumble dry</font></p><p><font size=\"2\"><span style=\"font-weight: bolder;\">ORIGIN</span><br>We work with our suppliers, workers, unions, and international organisations to develop a supply chain in which human rights are respected and promoted, contributing to the United Nations Sustainable Development Goals.<br>Thanks to the collaboration with our suppliers, we work to know the facilities and processes used to manufacture our products in order to understand their traceability.<br>Made in Cambodia</font></p><div><font size=\"2\"><br></font></div>																		                                                                                                                                                                ', '07140301615-a1.jpg', '07140301615-a2.jpg', '07140301615-a3.jpg', 200, 'Out of Stock', '2024-08-24 05:13:51', NULL, 'Skyblue', '07140301615-a4.jpg', '07140301615-e3 (1).jpg', '07140301615-e1 (1).jpg', NULL, NULL),
(44, 10, 17, 'TIE-DYE PRINTED T-SHIRT', 'ZARA', 3550, 4000, '<p><font size=\"2\"><span style=\"font-weight: bolder;\">COMPOSITION, CARE &amp; ORIGIN</span></font></p><p><font size=\"2\"><span style=\"font-weight: bolder;\">COMPOSITION</span></font></p><p><font size=\"2\"><span style=\"font-weight: bolder;\"><br></span>We work with monitoring programmes to ensure compliance with our social, environmental, and health and safety standards for our products. To assess compliance, we have developed a programme of audits and continuous improvement plans.</font></p><p><font size=\"2\"><span style=\"font-weight: bolder;\">OUTER SHELL</span><br>76% viscose<br>22% polyamide<br>2% polyester</font></p><p><font size=\"2\"><span style=\"font-weight: bolder;\">CARE</span><br>Caring for your clothes is caring for the environment.<br>Lower temperature washes and delicate spin cycles are gentler on garments and help to protect the colour, shape, and structure of the fabric. Furthermore, they reduce the amount of energy used in care processes.</font></p><p><font size=\"2\"><span style=\"font-weight: bolder;\">Clothing Care Guide</span><br>Machine wash at max. 30ºC/86ºF with short spin cycle<br>Do not use bleach<br>Iron at a maximum of 110ºC/230ºF<br>Do not dry clean<br>Do not tumble dry</font></p><p><font size=\"2\"><span style=\"font-weight: bolder;\">ORIGIN</span><br>We work with our suppliers, workers, unions, and international organisations to develop a supply chain in which human rights are respected and promoted, contributing to the United Nations Sustainable Development Goals.<br>Thanks to the collaboration with our suppliers, we work to know the facilities and processes used to manufacture our products in order to understand their traceability.<br>Made in Cambodia</font></p><div><font size=\"2\"><br></font></div>																																				                                                                                                                                                                ', '01165309949-a1.jpg', '01165309949-a2.jpg', '01165309949-a3.jpg', 200, 'Out of Stock', '2024-08-24 05:15:49', NULL, 'Rose', '01165309949-a4.jpg', '01165309949-e3 (1).jpg', '01165309949-e1 (1).jpg', NULL, NULL),
(45, 10, 17, 'FADED DENIM HOODIE', 'ZARA', 3550, 4000, '<p><font size=\"2\"><span style=\"font-weight: bolder;\">COMPOSITION, CARE &amp; ORIGIN</span></font></p><p><font size=\"2\"><span style=\"font-weight: bolder;\">COMPOSITION</span></font></p><p><font size=\"2\"><span style=\"font-weight: bolder;\"><br></span>We work with monitoring programmes to ensure compliance with our social, environmental, and health and safety standards for our products. To assess compliance, we have developed a programme of audits and continuous improvement plans.</font></p><p><font size=\"2\"><span style=\"font-weight: bolder;\">OUTER SHELL</span><br>76% viscose<br>22% polyamide<br>2% polyester</font></p><p><font size=\"2\"><span style=\"font-weight: bolder;\">CARE</span><br>Caring for your clothes is caring for the environment.<br>Lower temperature washes and delicate spin cycles are gentler on garments and help to protect the colour, shape, and structure of the fabric. Furthermore, they reduce the amount of energy used in care processes.</font></p><p><font size=\"2\"><span style=\"font-weight: bolder;\">Clothing Care Guide</span><br>Machine wash at max. 30ºC/86ºF with short spin cycle<br>Do not use bleach<br>Iron at a maximum of 110ºC/230ºF<br>Do not dry clean<br>Do not tumble dry</font></p><p><font size=\"2\"><span style=\"font-weight: bolder;\">ORIGIN</span><br>We work with our suppliers, workers, unions, and international organisations to develop a supply chain in which human rights are respected and promoted, contributing to the United Nations Sustainable Development Goals.<br>Thanks to the collaboration with our suppliers, we work to know the facilities and processes used to manufacture our products in order to understand their traceability.<br>Made in Cambodia</font></p><div><font size=\"2\"><br></font></div><div><font size=\"2\"><br></font></div>																		                                                                                                                                                                                                                                                                                                                                ', '07446307427-p.jpg', '07446307427-a1.jpg', '07446307427-e2.jpg', 100, 'Out of Stock', '2024-08-24 05:17:55', NULL, 'Skyblue', '07446307427-e3.jpg', '07446307427-e2.jpg', '07446307427-e1.jpg', NULL, NULL),
(47, 10, 21, 'Tatum 2 Legacy PF', 'NIKE', 11000, 12000, '																																				<div>You know the legend of Jordan Brand and the lore of Boston. Jayson Tatum takes both legacies into the future with this edition of the Tatum 2. combining the iconic White Cement with hot pops of colour that celebrate his team. So. what s your legacy going to be Step into the lightweight and flexible build of the Tatum 2 and make it what you want.<br></div><div><br></div><div>Contoured fit</div><div>The frame wraps underneath the sole and onto the upper. helping support your low to the ground gameplay.</div><div><br></div><div>Get grippy</div><div>Youre always moving on the court. That s where the rubber outsole and ground-contact foam come in adding responsiveness and traction for your offence and defence.</div><div><br></div><div>Lightweight Build</div><div>Every time you go up with a light shoe. youre saving energy. We used rubber on the outsole&nbsp;<b>where you need it most</b>&nbsp;but foam with ample traction does the heavy lifting.</div><div><br></div><div>Product details</div><div>PF edition is designed to fit wide for play on outdoor courts.</div><div>Colour Shown&nbsp;&nbsp;<b>White and Black</b></div><div>Style&nbsp;<b>FJ6458100</b></div><div>Country and Region of Origin&nbsp;&nbsp;<b>Vietnam</b></div>                                    																																				', '4000.jpg', '4000 (1).jpg', '4000 (2).jpg', 100, 'Out of Stock', '2024-08-26 07:22:08', NULL, 'Black & White', '4000 (3).jpg', '4000 (4).jpg', '4000 (5).jpg', NULL, NULL),
(48, 10, 21, 'RETRO MULTI-PIECE SNEAKERS', 'ZARA', 5500, 5000, '                                                																		<div><div class=\"product-detail-description product-detail-info__description\" style=\"border: 0px; font-variant-numeric: inherit; font-variant-east-asian: inherit; font-variant-alternates: inherit; font-variant-position: inherit; font-stretch: var(--font-stretch-normal); line-height: var(--line-height-paragraph-m); font-family: Neue-Helvetica, Helvetica, Arial, &quot;sans-serif&quot;; font-optical-sizing: inherit; font-size-adjust: inherit; font-kerning: inherit; font-feature-settings: inherit; font-variation-settings: inherit; margin-top: var(--spacing-03); vertical-align: baseline; letter-spacing: 0.4px; color: rgb(0, 0, 0);\"><div class=\"expandable-text\" style=\"border: 0px; font-style: inherit; font-variant: inherit; font-weight: inherit; font-stretch: inherit; line-height: inherit; font-family: inherit; font-optical-sizing: inherit; font-size-adjust: inherit; font-kerning: inherit; font-feature-settings: inherit; font-variation-settings: inherit; vertical-align: baseline;\"><div class=\"expandable-text__content\" style=\"border: 0px; font-style: inherit; font-variant: inherit; font-weight: inherit; font-stretch: inherit; line-height: inherit; font-family: inherit; font-optical-sizing: inherit; font-size-adjust: inherit; font-kerning: inherit; font-feature-settings: inherit; font-variation-settings: inherit; vertical-align: baseline; overflow: hidden; transition: max-height 0.2s ease-in-out; max-height: calc(var(--line-height-paragraph-m) * 5);\"><div class=\"expandable-text__inner-content\" style=\"border: 0px; font-style: inherit; font-variant: inherit; font-weight: inherit; font-stretch: inherit; line-height: inherit; font-family: inherit; font-optical-sizing: inherit; font-size-adjust: inherit; font-kerning: inherit; font-feature-settings: inherit; font-variation-settings: inherit; vertical-align: baseline;\"><p style=\"border: 0px; font-style: inherit; font-variant: inherit; font-weight: inherit; font-stretch: inherit; line-height: inherit; font-family: inherit; font-optical-sizing: inherit; font-size-adjust: inherit; font-kerning: inherit; font-feature-settings: inherit; font-variation-settings: inherit; margin-bottom: 0px; vertical-align: baseline;\"><font size=\"2\">Sneakers with a combination of pieces and colours on the upper. Six-eyelet facing. Chunky textured sole. Retro-inspired design.</font></p><div style=\"font-size: 11px;\"><br></div></div></div></div></div><ul class=\"product-detail-actions product-detail-info__product-actions\" style=\"border: 0px; font-variant-numeric: inherit; font-variant-east-asian: inherit; font-variant-alternates: inherit; font-variant-position: inherit; font-stretch: inherit; line-height: inherit; font-family: Neue-Helvetica, Helvetica, Arial, &quot;sans-serif&quot;; font-optical-sizing: inherit; font-size-adjust: inherit; font-kerning: inherit; font-feature-settings: inherit; font-variation-settings: inherit; font-size: 13px; margin-top: var(--spacing-05); margin-bottom: 0px; padding-left: 0px; vertical-align: baseline; list-style: none; color: rgb(0, 0, 0); letter-spacing: 0.4px;\"></ul></div>\r\n', '12220320120-a1.jpg', '12220320120-a2.jpg', '12220320120-a3.jpg', 299, 'Out of Stock', '2024-08-26 07:31:46', NULL, 'White', '12220320120-a4.jpg', '12220320120-e3.jpg', '12220320120-e1.jpg', NULL, NULL),
(49, 10, 23, 'STRIPED TEXTURED SHIRT', 'ZARA', 4000, 3500, '                                                                                                                                                                                                                                                                                                                                Relaxed fit shirt. Camp collar and short sleeve. Hem with side vents. Button-up front.\r\n\r\n                                                                                                                                                                                                                                                                                                                                                                                                          ', '05639411481-a1.jpg', '05639411481-p.jpg', '05639411481-a2.jpg', 100, 'Out of Stock', '2024-08-29 08:02:17', NULL, 'Blue & White', '05639411481-a3.jpg', '05639411481-a4.jpg', '05639411481-e1.jpg', NULL, NULL);
INSERT INTO `products` (`id`, `category`, `subCategory`, `productName`, `productCompany`, `productPrice`, `productPriceBeforeDiscount`, `productDescription`, `productImage1`, `productImage2`, `productImage3`, `shippingCharge`, `productAvailability`, `postingDate`, `updationDate`, `productColor`, `productImageFour`, `productImageFive`, `productImageSix`, `ProductCare`, `productSizes`) VALUES
(50, 10, 23, 'ABSTRACT PRINT SHIRT', 'QUINTET    ', 1, 3500, '                                                                                                                                                                                                                                                                Regular fit shirt made from a viscose, lyocell and linen blend fabric. Featuring a camp collar, short sleeves and a button-up front.\r\n\r\n                                                                                                                                                                                                                                                        ', '05679255400-a1.jpg', '05679255400-p.jpg', '05679255400-a2.jpg', 1, 'In Stock', '2024-08-29 08:09:42', NULL, 'Blue', '05679255400-a3.jpg', '05679255400-a4.jpg', '05679255400-e1.jpg', '                                                                                                                                                                                        ', 'M'),
(51, 10, 23, 'ABSTRACT PRINT SHIRT', 'ZARA', 3550, 4000, '                                                                                                                                                                Relaxed fit shirt made of a viscose blend fabric. Camp collar and short sleeves. Button-up front.\r\n\r\n                                                                                                                                                                ', '04090248913-a1.jpg', '04090248913-p.jpg', '04090248913-a2.jpg', 100, 'Out of Stock', '2024-08-29 08:11:16', NULL, 'White', '04090248913-a4.jpg', '04090248913-a3.jpg', '04090248913-e1.jpg', NULL, NULL),
(52, 10, 23, 'REGULAR FIT SHIRT', 'ZARA', 3550, 4000, '                                                                                                                                                                Regular fit spread collar shirt featuring long sleeves with buttoned cuffs. Button-up front.\r\n\r\n                                                                                                                                                                ', '07545324251-a1.jpg', '07545324251-p.jpg', '07545324251-a2.jpg', 200, 'Out of Stock', '2024-08-29 08:13:10', NULL, 'White', '07545324251-a3.jpg', '07545324251-a4.jpg', '07545324251-e1.jpg', NULL, NULL),
(53, 10, 23, 'REGULAR FIT SHIRT', 'ZARA', 3550, 4000, '                                                                                                                                                                Regular fit spread collar shirt featuring long sleeves with buttoned cuffs. Button-up front.\r\n\r\n                                                                                                                                                                ', '07545324401-a1.jpg', '07545324401-p.jpg', '07545324401-a2.jpg', 200, 'Out of Stock', '2024-08-29 08:15:08', NULL, 'Black', '07545324401-1-a3.jpg', '07545324401-1-a4.jpg', '07545324401-e1.jpg', NULL, NULL),
(54, 10, 23, 'TEXTURED SHIRT', 'ZARA', 3550, 4000, '                                                                                                                                                                Regular fit spread collar shirt featuring long sleeves with buttoned cuffs. Button-up front.\r\n\r\n                                                                                                                                                                ', '07545710250-a1.jpg', '07545710250-p.jpg', '07545710250-a2.jpg', 100, 'Out of Stock', '2024-08-29 08:16:51', NULL, 'White', '07545710250-a4.jpg', '07545710250-a5.jpg', '07545710250-e1.jpg', NULL, NULL),
(55, 10, 23, 'STRETCH SHIRT', 'QUINTET ', 1, 4000, '                                                                                                                                                                                                                                                                Shirt made of a fabric that minimises the need for ironing after washing. Camp collar and short sleeves. Slits at the hem. Button-up front.\r\n\r\n                                                                                                                                                                                                                                                        ', '07545144250-a1.jpg', '07545144250-p.jpg', '07545144250-a2.jpg', 1, 'In Stock', '2024-08-29 08:32:45', NULL, 'White', '07545144250-a3.jpg', '07545144250-a4.jpg', '07545144250-e1.jpg', '                                                                                                                                                                                        ', 'XL'),
(56, 10, 23, 'PLEATED SHIRT', 'ZARA', 3550, 4000, '                                                                                                                                                                Relaxed-fit shirt. Camp collar and short sleeves. Button-up front.\r\n\r\n                                                                                                                                                                ', '05644827800-a1.jpg', '05644827800-p.jpg', '05644827800-a2.jpg', 200, 'Out of Stock', '2024-08-29 08:34:24', NULL, 'Black', '05644827800-a3.jpg', '05644827800-a4.jpg', '05644827800-e1.jpg', NULL, NULL),
(57, 10, 23, 'GEOMETRIC JACQUARD SHIRT', 'ZARA', 3550, 4000, '                                                                                                                                                                Relaxed fit shirt in textured fabric. Camp collar and short sleeves. Side vents at the hem. Button-up front.\r\n\r\n\r\n\r\n                                                                                                                                                                ', '07545403701-a1.jpg', '07545403701-p.jpg', '07545403701-a2.jpg', 100, 'Out of Stock', '2024-08-29 08:35:47', NULL, 'Green', '07545403701-a3.jpg', '07545403701-a4.jpg', '07545403701-e1.jpg', NULL, NULL),
(58, 10, 23, 'LIGHTWEIGHT COTTON SHIRT', 'ZARA', 3550, 4000, '                                                                                                                                                                Relaxed-fit shirt made of lightweight cotton. Collar and long sleeves with buttoned cuffs. Button-up front.\r\n\r\n\r\n                                                                                                                                                                ', '01618402481-a1.jpg', '01618402481-p.jpg', '01618402481-a2.jpg', 100, 'Out of Stock', '2024-08-29 08:37:10', NULL, 'Navyblue', '01618402481-a3.jpg', '01618402481-a4.jpg', '01618402481-e1.jpg', NULL, NULL),
(59, 8, 24, 'POPLIN SHIRT WITH POCKET', 'ZARA', 3550, 4000, '<font size=\"2\">                                                                                                                                                                                                                                                                                                                                                                                                                                                                                                Shirt made of 100% cotton. Featuring a collar, long sleeves with cuffs, a front patch pocket, an asymmetric hem with side vents and a concealed button-up front.\r\n\r\n                                                                                                                                                                                                                                                                                                                                                                                                                                                                                                </font><div><font size=\"2\"><br></font></div><div><p><font size=\"2\">COMPOSITION, CARE &amp; ORIGIN<br>COMPOSITION</font></p><p><font size=\"2\"><span style=\"font-weight: bolder;\"><br></span>We work with monitoring programmes to ensure compliance with our social, environmental, and health and safety standards for our products. To assess compliance, we have developed a programme of audits and continuous improvement plans.</font></p><p><font size=\"2\">OUTER SHELL<br>76% viscose<br>22% polyamide<br>2% polyester</font></p><p><font size=\"2\">CARE<br>Caring for your clothes is caring for the environment.<br>Lower temperature washes and delicate spin cycles are gentler on garments and help to protect the colour, shape, and structure of the fabric. Furthermore, they reduce the amount of energy used in care processes.</font></p><p><font size=\"2\">Clothing Care Guide<br>Machine wash at max. 30ºC/86ºF with short spin cycle<br>Do not use bleach<br>Iron at a maximum of 110ºC/230ºF<br>Do not dry clean<br>Do not tumble dry</font></p><p><font size=\"2\">ORIGIN<br>We work with our suppliers, workers, unions, and international organisations to develop a supply chain in which human rights are respected and promoted, contributing to the United Nations Sustainable Development Goals.<br>Thanks to the collaboration with our suppliers, we work to know the facilities and processes used to manufacture our products in order to understand their traceability.<br>Made in Cambodia</font></p></div>', '07200100250-p.jpg', '07200100250-a1.jpg', '07200100250-a2.jpg', 100, 'Out of Stock', '2024-08-29 09:14:14', NULL, 'White', '07200100250-e3.jpg', '07200100250-e2.jpg', '07200100250-e1 (1).jpg', NULL, NULL),
(60, 8, 24, 'Z1975 DENIM SHIRT', 'ZARA', 3550, 4000, '<font size=\"2\">                                                                                                                                                                                                                                                                                                                                Denim shirt with a lapel collar and long sleeves finished with cuffs. Featuring a chest patch pocket and a front metal button fastening.\r\n\r\n                                                                                                                                                                                                                                                                                                                                </font><div><font size=\"2\"><br></font></div><div><p><font size=\"2\">COMPOSITION, CARE &amp; ORIGIN<br>COMPOSITION</font></p><p><font size=\"2\"><span style=\"font-weight: bolder;\"><br></span>We work with monitoring programmes to ensure compliance with our social, environmental, and health and safety standards for our products. To assess compliance, we have developed a programme of audits and continuous improvement plans.</font></p><p><font size=\"2\">OUTER SHELL<br>76% viscose<br>22% polyamide<br>2% polyester</font></p><p><font size=\"2\">CARE<br>Caring for your clothes is caring for the environment.<br>Lower temperature washes and delicate spin cycles are gentler on garments and help to protect the colour, shape, and structure of the fabric. Furthermore, they reduce the amount of energy used in care processes.</font></p><p><font size=\"2\">Clothing Care Guide<br>Machine wash at max. 30ºC/86ºF with short spin cycle<br>Do not use bleach<br>Iron at a maximum of 110ºC/230ºF<br>Do not dry clean<br>Do not tumble dry</font></p><p><font size=\"2\">ORIGIN<br>We work with our suppliers, workers, unions, and international organisations to develop a supply chain in which human rights are respected and promoted, contributing to the United Nations Sustainable Development Goals.<br>Thanks to the collaboration with our suppliers, we work to know the facilities and processes used to manufacture our products in order to understand their traceability.<br>Made in Cambodia</font></p></div>', '06164196407-p.jpg', '06164196407-a1.jpg', '06164196407-a2.jpg', 100, 'Out of Stock', '2024-08-29 09:17:24', NULL, 'Black', '06164196407-e3.jpg', '06164196407-e2.jpg', '06164196407-e1.jpg', NULL, NULL),
(61, 8, 24, 'BASIC POPLIN SHIRT', 'ZARA', 2550, 3000, '<font size=\"2\">                                                                                                                                                                                                                                                                                                                                Shirt with a johnny collar, long sleeves and a button-up front.\r\n\r\n                                                                                                                                                                                                                                                                                                                                </font><div><font size=\"2\"><br></font></div><div><p><font size=\"2\">COMPOSITION, CARE &amp; ORIGIN<br>COMPOSITION</font></p><p><font size=\"2\"><span style=\"font-weight: bolder;\"><br></span>We work with monitoring programmes to ensure compliance with our social, environmental, and health and safety standards for our products. To assess compliance, we have developed a programme of audits and continuous improvement plans.</font></p><p><font size=\"2\">OUTER SHELL<br>76% viscose<br>22% polyamide<br>2% polyester</font></p><p><font size=\"2\">CARE<br>Caring for your clothes is caring for the environment.<br>Lower temperature washes and delicate spin cycles are gentler on garments and help to protect the colour, shape, and structure of the fabric. Furthermore, they reduce the amount of energy used in care processes.</font></p><p><font size=\"2\">Clothing Care Guide<br>Machine wash at max. 30ºC/86ºF with short spin cycle<br>Do not use bleach<br>Iron at a maximum of 110ºC/230ºF<br>Do not dry clean<br>Do not tumble dry</font></p><p><font size=\"2\">ORIGIN<br>We work with our suppliers, workers, unions, and international organisations to develop a supply chain in which human rights are respected and promoted, contributing to the United Nations Sustainable Development Goals.<br>Thanks to the collaboration with our suppliers, we work to know the facilities and processes used to manufacture our products in order to understand their traceability.<br>Made in Cambodia</font></p></div>', '04387096390-016-p.jpg', '04387096390-016-a1.jpg', '04387096390-e1.jpg', 100, 'Out of Stock', '2024-08-29 09:22:52', NULL, 'White', '04387096390-e3.jpg', '04387096390-e2.jpg', '04387096390-e1 (1).jpg', NULL, NULL),
(62, 8, 24, 'TRF DENIM SHIRT WITH BOW', 'ZARA', 3550, 4000, '<font size=\"2\">                                                                                                                                                                                                                                                                                                                                Shirt featuring a bow at the neck in the same fabric. Long sleeves with cuffs. Chest patch pocket. Dart detail at the back. Button-up front.\r\n\r\n                                                                                                                                                                                                                                                                                                                                </font><div><font size=\"2\"><br></font></div><div><p><font size=\"2\">COMPOSITION, CARE &amp; ORIGIN<br>COMPOSITION</font></p><p><font size=\"2\"><span style=\"font-weight: bolder;\"><br></span>We work with monitoring programmes to ensure compliance with our social, environmental, and health and safety standards for our products. To assess compliance, we have developed a programme of audits and continuous improvement plans.</font></p><p><font size=\"2\">OUTER SHELL<br>76% viscose<br>22% polyamide<br>2% polyester</font></p><p><font size=\"2\">CARE<br>Caring for your clothes is caring for the environment.<br>Lower temperature washes and delicate spin cycles are gentler on garments and help to protect the colour, shape, and structure of the fabric. Furthermore, they reduce the amount of energy used in care processes.</font></p><p><font size=\"2\">Clothing Care Guide<br>Machine wash at max. 30ºC/86ºF with short spin cycle<br>Do not use bleach<br>Iron at a maximum of 110ºC/230ºF<br>Do not dry clean<br>Do not tumble dry</font></p><p><font size=\"2\">ORIGIN<br>We work with our suppliers, workers, unions, and international organisations to develop a supply chain in which human rights are respected and promoted, contributing to the United Nations Sustainable Development Goals.<br>Thanks to the collaboration with our suppliers, we work to know the facilities and processes used to manufacture our products in order to understand their traceability.<br>Made in Cambodia</font></p></div>', '05520267400-a1.jpg', '05520267400-p.jpg', '05520267400-a5.jpg', 100, 'Out of Stock', '2024-08-29 09:38:34', NULL, 'Black', '05520267400-a4.jpg', '05520267400-a2 (1).jpg', '05520267400-e1.jpg', NULL, NULL),
(63, 8, 24, 'POPLIN SHIRT WITH POCKET', 'ZARA', 3550, 4000, '<font size=\"2\">                                                                                                                                                                                                                                                                                                                                Shirt made of 100% cotton. Featuring a collar, long sleeves with cuffs, a front patch pocket, an asymmetric hem with side vents and a concealed button-up front.\r\n\r\n                                                                                                                                                                                                                                                                                                                                </font><div><font size=\"2\"><br></font></div><div><p><font size=\"2\">COMPOSITION, CARE &amp; ORIGIN<br>COMPOSITION</font></p><p><font size=\"2\"><span style=\"font-weight: bolder;\"><br></span>We work with monitoring programmes to ensure compliance with our social, environmental, and health and safety standards for our products. To assess compliance, we have developed a programme of audits and continuous improvement plans.</font></p><p><font size=\"2\">OUTER SHELL<br>76% viscose<br>22% polyamide<br>2% polyester</font></p><p><font size=\"2\">CARE<br>Caring for your clothes is caring for the environment.<br>Lower temperature washes and delicate spin cycles are gentler on garments and help to protect the colour, shape, and structure of the fabric. Furthermore, they reduce the amount of energy used in care processes.</font></p><p><font size=\"2\">Clothing Care Guide<br>Machine wash at max. 30ºC/86ºF with short spin cycle<br>Do not use bleach<br>Iron at a maximum of 110ºC/230ºF<br>Do not dry clean<br>Do not tumble dry</font></p><p><font size=\"2\">ORIGIN<br>We work with our suppliers, workers, unions, and international organisations to develop a supply chain in which human rights are respected and promoted, contributing to the United Nations Sustainable Development Goals.<br>Thanks to the collaboration with our suppliers, we work to know the facilities and processes used to manufacture our products in order to understand their traceability.<br>Made in Cambodia</font></p></div>', '07200100800-a1.jpg', '07200100800-p.jpg', '07200100800-a2.jpg', 200, 'Out of Stock', '2024-08-29 09:43:29', NULL, 'black', '07200100800-a3.jpg', '07200100800-e1.jpg', '07200100800-e2.jpg', NULL, NULL),
(64, 8, 24, 'GABARDINE SHIRT WITH POCKET', 'ZARA', 3550, 4000, '<font size=\"2\">                                                                                                                                                                                                                                                                                                                                Shirt made of 100% cotton. Featuring a collar, long sleeves with cuffs, a front patch pocket, an asymmetric hem with side vents and a concealed button-up front.\r\n\r\n                                                                                                                                                                                                                                                                                                                                </font><div><font size=\"2\"><br></font></div><div><p><font size=\"2\">COMPOSITION, CARE &amp; ORIGIN<br>COMPOSITION</font></p><p><font size=\"2\"><span style=\"font-weight: bolder;\"><br></span>We work with monitoring programmes to ensure compliance with our social, environmental, and health and safety standards for our products. To assess compliance, we have developed a programme of audits and continuous improvement plans.</font></p><p><font size=\"2\">OUTER SHELL<br>76% viscose<br>22% polyamide<br>2% polyester</font></p><p><font size=\"2\">CARE<br>Caring for your clothes is caring for the environment.<br>Lower temperature washes and delicate spin cycles are gentler on garments and help to protect the colour, shape, and structure of the fabric. Furthermore, they reduce the amount of energy used in care processes.</font></p><p><font size=\"2\">Clothing Care Guide<br>Machine wash at max. 30ºC/86ºF with short spin cycle<br>Do not use bleach<br>Iron at a maximum of 110ºC/230ºF<br>Do not dry clean<br>Do not tumble dry</font></p><p><font size=\"2\">ORIGIN<br>We work with our suppliers, workers, unions, and international organisations to develop a supply chain in which human rights are respected and promoted, contributing to the United Nations Sustainable Development Goals.<br>Thanks to the collaboration with our suppliers, we work to know the facilities and processes used to manufacture our products in order to understand their traceability.<br>Made in Cambodia</font></p></div>', '07200120626-a1.jpg', '07200120626-p.jpg', '07200120626-e1.jpg', 100, 'Out of Stock', '2024-08-29 09:45:22', NULL, 'Pink', '07200120626-e3.jpg', '07200120626-e2.jpg', '07200120626-e1 (1).jpg', NULL, NULL),
(65, 8, 24, 'BIRD STRIPE POPLIN SHIRT', 'ZARA', 3550, 4000, '<font size=\"2\">                                                                                                                                                                                                                                                                                                                                Collared shirt featuring long cuffed sleeves with pleat details. Split hem at the sides. Button-up front.\r\n\r\n                                                                                                                                                                                                                                                                                                                                </font><div><font size=\"2\"><br></font></div><div><p><font size=\"2\">COMPOSITION, CARE &amp; ORIGIN<br>COMPOSITION</font></p><p><font size=\"2\"><span style=\"font-weight: bolder;\"><br></span>We work with monitoring programmes to ensure compliance with our social, environmental, and health and safety standards for our products. To assess compliance, we have developed a programme of audits and continuous improvement plans.</font></p><p><font size=\"2\">OUTER SHELL<br>76% viscose<br>22% polyamide<br>2% polyester</font></p><p><font size=\"2\">CARE<br>Caring for your clothes is caring for the environment.<br>Lower temperature washes and delicate spin cycles are gentler on garments and help to protect the colour, shape, and structure of the fabric. Furthermore, they reduce the amount of energy used in care processes.</font></p><p><font size=\"2\">Clothing Care Guide<br>Machine wash at max. 30ºC/86ºF with short spin cycle<br>Do not use bleach<br>Iron at a maximum of 110ºC/230ºF<br>Do not dry clean<br>Do not tumble dry</font></p><p><font size=\"2\">ORIGIN<br>We work with our suppliers, workers, unions, and international organisations to develop a supply chain in which human rights are respected and promoted, contributing to the United Nations Sustainable Development Goals.<br>Thanks to the collaboration with our suppliers, we work to know the facilities and processes used to manufacture our products in order to understand their traceability.<br>Made in Cambodia</font></p></div>', '08556801044-p.jpg', '08556801044-a1.jpg', '08556801044-e1.jpg', 100, 'Out of Stock', '2024-08-29 09:47:24', NULL, 'White', '08556801044-e3.jpg', '08556801044-e2.jpg', '08556801044-e1 (1).jpg', NULL, NULL),
(66, 8, 24, 'LINEN BLEND SHORT SLEEVE SHIRT', 'ZARA', 3550, 4000, '<font size=\"2\">                                                                                                                                                                                                                                                                                                                                Shirt made of a linen blend. Johnny collar and short turn-up sleeves with buttoned tabs. Front patch pockets. Button-up front.\r\n\r\n                                                                                                                                                                                                                                                                                                                                </font><div><font size=\"2\"><br></font></div><div><p><font size=\"2\">COMPOSITION, CARE &amp; ORIGIN<br>COMPOSITION</font></p><p><font size=\"2\"><span style=\"font-weight: bolder;\"><br></span>We work with monitoring programmes to ensure compliance with our social, environmental, and health and safety standards for our products. To assess compliance, we have developed a programme of audits and continuous improvement plans.</font></p><p><font size=\"2\">OUTER SHELL<br>76% viscose<br>22% polyamide<br>2% polyester</font></p><p><font size=\"2\">CARE<br>Caring for your clothes is caring for the environment.<br>Lower temperature washes and delicate spin cycles are gentler on garments and help to protect the colour, shape, and structure of the fabric. Furthermore, they reduce the amount of energy used in care processes.</font></p><p><font size=\"2\">Clothing Care Guide<br>Machine wash at max. 30ºC/86ºF with short spin cycle<br>Do not use bleach<br>Iron at a maximum of 110ºC/230ºF<br>Do not dry clean<br>Do not tumble dry</font></p><p><font size=\"2\">ORIGIN<br>We work with our suppliers, workers, unions, and international organisations to develop a supply chain in which human rights are respected and promoted, contributing to the United Nations Sustainable Development Goals.<br>Thanks to the collaboration with our suppliers, we work to know the facilities and processes used to manufacture our products in order to understand their traceability.<br>Made in Cambodia</font></p></div>', '08688716123-p.jpg', '08688716123-a1.jpg', '08688716123-a2.jpg', 100, 'Out of Stock', '2024-08-29 09:49:59', NULL, 'Pink', '08688716123-a3.jpg', '08688716123-e3 (2).jpg', '08688716123-e1 (1).jpg', NULL, NULL),
(67, 8, 24, 'FINE STRIPE SHIRT', 'ZARA', 3550, 4000, '                                                                                                                                                                <div class=\"product-detail-extra-detail__section\" data-observer-key=\"title\" style=\"border: 0px; font-style: inherit; font-variant: inherit; font-weight: inherit; font-stretch: inherit; line-height: inherit; font-family: inherit; font-optical-sizing: inherit; font-size-adjust: inherit; font-kerning: inherit; font-feature-settings: inherit; font-variation-settings: inherit; font-size: 13px; vertical-align: baseline;\"><div class=\"structured-component-text-block-title\" style=\"border: 0px; font-style: inherit; font-variant: inherit; font-weight: inherit; font-stretch: inherit; line-height: inherit; font-family: inherit; font-optical-sizing: inherit; font-size-adjust: inherit; font-kerning: inherit; font-feature-settings: inherit; font-variation-settings: inherit; vertical-align: baseline;\"><p style=\"font-size: 16px;\"><font size=\"2\">COMPOSITION, CARE &amp; ORIGIN<br>COMPOSITION</font></p><p style=\"font-size: 16px;\"><font size=\"2\"><span style=\"font-weight: bolder;\"><br></span>We work with monitoring programmes to ensure compliance with our social, environmental, and health and safety standards for our products. To assess compliance, we have developed a programme of audits and continuous improvement plans.</font></p><p style=\"font-size: 16px;\"><font size=\"2\">OUTER SHELL<br>76% viscose<br>22% polyamide<br>2% polyester</font></p><p style=\"font-size: 16px;\"><font size=\"2\">CARE<br>Caring for your clothes is caring for the environment.<br>Lower temperature washes and delicate spin cycles are gentler on garments and help to protect the colour, shape, and structure of the fabric. Furthermore, they reduce the amount of energy used in care processes.</font></p><p style=\"font-size: 16px;\"><font size=\"2\">Clothing Care Guide<br>Machine wash at max. 30ºC/86ºF with short spin cycle<br>Do not use bleach<br>Iron at a maximum of 110ºC/230ºF<br>Do not dry clean<br>Do not tumble dry</font></p><p style=\"font-size: 16px;\"><font size=\"2\">ORIGIN<br>We work with our suppliers, workers, unions, and international organisations to develop a supply chain in which human rights are respected and promoted, contributing to the United Nations Sustainable Development Goals.<br>Thanks to the collaboration with our suppliers, we work to know the facilities and processes used to manufacture our products in order to understand their traceability.<br>Made in Cambodia</font></p></div></div>                                                                                                                                                                ', '08667573505-a1.jpg', '08667573505-p.jpg', '08667573505-a3.jpg', 200, 'Out of Stock', '2024-08-29 09:52:34', NULL, 'Khaki', '08667573505-e3.jpg', '08667573505-e2.jpg', '08667573505-e1.jpg', NULL, NULL),
(68, 8, 24, 'DOTTED MESH SHIRT  ', 'ZARA', 3550, 4000, '                                                                                                                                                                <p><font size=\"2\">COMPOSITION, CARE &amp; ORIGIN<br>COMPOSITION</font></p><p><font size=\"2\"><span style=\"font-weight: bolder;\"><br></span>We work with monitoring programmes to ensure compliance with our social, environmental, and health and safety standards for our products. To assess compliance, we have developed a programme of audits and continuous improvement plans.</font></p><p><font size=\"2\">OUTER SHELL<br>76% viscose<br>22% polyamide<br>2% polyester</font></p><p><font size=\"2\">CARE<br>Caring for your clothes is caring for the environment.<br>Lower temperature washes and delicate spin cycles are gentler on garments and help to protect the colour, shape, and structure of the fabric. Furthermore, they reduce the amount of energy used in care processes.</font></p><p><font size=\"2\">Clothing Care Guide<br>Machine wash at max. 30ºC/86ºF with short spin cycle<br>Do not use bleach<br>Iron at a maximum of 110ºC/230ºF<br>Do not dry clean<br>Do not tumble dry</font></p><p><font size=\"2\">ORIGIN<br>We work with our suppliers, workers, unions, and international organisations to develop a supply chain in which human rights are respected and promoted, contributing to the United Nations Sustainable Development Goals.<br>Thanks to the collaboration with our suppliers, we work to know the facilities and processes used to manufacture our products in order to understand their traceability.<br>Made in Cambodia</font></p>                                                                                                                                                                ', '08372225251-a1.jpg', '08372225251-a2.jpg', '08372225251-e4.jpg', 100, 'Out of Stock', '2024-08-29 09:54:28', NULL, 'White', '08372225251-e2.jpg', '08372225251-e3.jpg', '08372225251-e1 (1).jpg', NULL, NULL),
(69, 10, 21, 'MULTICOLOURED TRAINERS', 'ZARA', 12295, 134900, '                                                                                                                                                New colours and fresh textures update this all-time favourite without losing its classic look and familiar feel. Made from premium materials and pumped full of comfortable Nike Air cushioning, it features subtle details that make it a staple sneaker with a modern expression.\r\n\r\n\r\nColour Shown: White/Sail/Neutral Grey/Oxidised Green\r\nStyle: FQ7720-103\r\nCountry/Region of Origin: Vietnam\r\n                                                <label class=\"imgLable\">Product\r\n                                                    Description</label>\r\n                                                <label class=\"imgLable\">Product\r\n                                                    Description</label>\r\n                                                <label class=\"imgLable\">Product\r\n                                                    Description</label>\r\n', '12341320500-a1.jpg', '12341320500-a2.jpg', '12341320500-a4.jpg', 100, 'Out of Stock', '2024-08-29 13:56:17', NULL, 'Green', '12341320500-a3.jpg', '12341320500-e3.jpg', '12341320500-e1.jpg', NULL, NULL),
(70, 10, 21, 'LEATHER CHELSEA BOOTS', 'ZARA', 5500, 6000, '                                                                                                <div class=\"product-detail-description product-detail-info__description\" style=\"border: 0px; font-variant-numeric: inherit; font-variant-east-asian: inherit; font-variant-alternates: inherit; font-variant-position: inherit; font-stretch: var(--font-stretch-normal); line-height: var(--line-height-paragraph-m); font-family: Neue-Helvetica, Helvetica, Arial, &quot;sans-serif&quot;; font-optical-sizing: inherit; font-size-adjust: inherit; font-kerning: inherit; font-feature-settings: inherit; font-variation-settings: inherit; margin-top: var(--spacing-03); vertical-align: baseline; letter-spacing: 0.4px; color: rgb(0, 0, 0);\"><div class=\"expandable-text\" style=\"border: 0px; font-style: inherit; font-variant: inherit; font-weight: inherit; font-stretch: inherit; line-height: inherit; font-family: inherit; font-optical-sizing: inherit; font-size-adjust: inherit; font-kerning: inherit; font-feature-settings: inherit; font-variation-settings: inherit; vertical-align: baseline;\"><div class=\"expandable-text__content\" style=\"border: 0px; font-style: inherit; font-variant: inherit; font-weight: inherit; font-stretch: inherit; line-height: inherit; font-family: inherit; font-optical-sizing: inherit; font-size-adjust: inherit; font-kerning: inherit; font-feature-settings: inherit; font-variation-settings: inherit; vertical-align: baseline; overflow: hidden; transition: max-height 0.2s ease-in-out; max-height: calc(var(--line-height-paragraph-m) * 5);\"><div class=\"expandable-text__inner-content\" style=\"border: 0px; font-style: inherit; font-variant: inherit; font-weight: inherit; font-stretch: inherit; line-height: inherit; font-family: inherit; font-optical-sizing: inherit; font-size-adjust: inherit; font-kerning: inherit; font-feature-settings: inherit; font-variation-settings: inherit; vertical-align: baseline;\"><p style=\"border: 0px; font-style: inherit; font-variant: inherit; font-weight: inherit; font-stretch: inherit; line-height: inherit; font-family: inherit; font-optical-sizing: inherit; font-size-adjust: inherit; font-kerning: inherit; font-feature-settings: inherit; font-variation-settings: inherit; margin-bottom: 0px; vertical-align: baseline;\"><ul class=\"product-detail-actions product-detail-info__product-actions\" style=\"box-sizing: border-box; border: 0px; font-style: normal; font-variant-ligatures: normal; font-variant-caps: normal; font-variant-numeric: inherit; font-variant-east-asian: inherit; font-variant-alternates: inherit; font-variant-position: inherit; font-weight: 300; font-stretch: inherit; line-height: inherit; font-family: Neue-Helvetica, Helvetica, Arial, &quot;sans-serif&quot;; font-optical-sizing: inherit; font-size-adjust: inherit; font-kerning: inherit; font-feature-settings: inherit; font-variation-settings: inherit; font-size: 13px; margin-top: var(--spacing-05); margin-right: 0px; margin-bottom: 0px; margin-left: 0px; padding: 0px; vertical-align: baseline; list-style: none; color: rgb(0, 0, 0); letter-spacing: 0.4px; orphans: 2; text-align: start; text-indent: 0px; text-transform: none; widows: 2; word-spacing: 0px; -webkit-text-stroke-width: 0px; white-space: normal; background-color: rgb(255, 255, 255); text-decoration-thickness: initial; text-decoration-style: initial; text-decoration-color: initial;\"></ul></p><div class=\"product-detail-description product-detail-info__description\" style=\"box-sizing: border-box; border: 0px; font-style: normal; font-variant-ligatures: normal; font-variant-caps: normal; font-variant-numeric: inherit; font-variant-east-asian: inherit; font-variant-alternates: inherit; font-variant-position: inherit; font-weight: 300; font-stretch: var(--font-stretch-normal); line-height: var(--line-height-paragraph-m); font-family: Neue-Helvetica, Helvetica, Arial, &quot;sans-serif&quot;; font-optical-sizing: inherit; font-size-adjust: inherit; font-kerning: inherit; font-feature-settings: inherit; font-variation-settings: inherit; margin-top: var(--spacing-03); margin-right: 0px; margin-bottom: 0px; margin-left: 0px; padding: 0px; vertical-align: baseline; letter-spacing: 0.4px; text-transform: none; color: rgb(0, 0, 0); orphans: 2; text-align: start; text-indent: 0px; widows: 2; word-spacing: 0px; -webkit-text-stroke-width: 0px; white-space: normal; background-color: rgb(255, 255, 255); text-decoration-thickness: initial; text-decoration-style: initial; text-decoration-color: initial;\"><div class=\"expandable-text\" style=\"box-sizing: border-box; border: 0px; font-style: inherit; font-variant: inherit; font-weight: inherit; font-stretch: inherit; line-height: inherit; font-family: inherit; font-optical-sizing: inherit; font-size-adjust: inherit; font-kerning: inherit; font-feature-settings: inherit; font-variation-settings: inherit; margin: 0px; padding: 0px; vertical-align: baseline;\"><div class=\"expandable-text__content\" style=\"box-sizing: border-box; border: 0px; font-style: inherit; font-variant: inherit; font-weight: inherit; font-stretch: inherit; line-height: inherit; font-family: inherit; font-optical-sizing: inherit; font-size-adjust: inherit; font-kerning: inherit; font-feature-settings: inherit; font-variation-settings: inherit; margin: 0px; padding: 0px; vertical-align: baseline; overflow: hidden; transition: max-height 0.2s ease-in-out; max-height: calc(var(--line-height-paragraph-m) * 5);\"><div class=\"expandable-text__inner-content\" style=\"box-sizing: border-box; border: 0px; font-style: inherit; font-variant: inherit; font-weight: inherit; font-stretch: inherit; line-height: inherit; font-family: inherit; font-optical-sizing: inherit; font-size-adjust: inherit; font-kerning: inherit; font-feature-settings: inherit; font-variation-settings: inherit; margin: 0px; padding: 0px; vertical-align: baseline;\"><p style=\"box-sizing: border-box; border: 0px; font-style: inherit; font-variant: inherit; font-weight: inherit; font-stretch: inherit; line-height: inherit; font-family: inherit; font-optical-sizing: inherit; font-size-adjust: inherit; font-kerning: inherit; font-feature-settings: inherit; font-variation-settings: inherit; margin: 0px; padding: 0px; vertical-align: baseline;\"><font size=\"2\">Chelsea boots made of leather. Featuring two elasticated side gores and a pull tab at the back for slipping on with ease. Rounded toes.</font></p></div></div></div></div></div></div></div></div>\r\n', '12018420114-a1.jpg', '12018420114-a2.jpg', '12018420114-a3.jpg', 100, 'Out of Stock', '2024-08-29 14:00:38', NULL, 'Brown', '12018420114-a4.jpg', '12018420114-e3.jpg', '12018420114-e1.jpg', NULL, NULL),
(71, 10, 21, 'RETRO HIGH-TOP SNEAKERS', 'ZARA ', 3550, 4000, '<div class=\"product-detail-description product-detail-info__description\" style=\"border: 0px; font-variant-numeric: inherit; font-variant-east-asian: inherit; font-variant-alternates: inherit; font-variant-position: inherit; font-stretch: var(--font-stretch-normal); line-height: var(--line-height-paragraph-m); font-family: Neue-Helvetica, Helvetica, Arial, &quot;sans-serif&quot;; font-optical-sizing: inherit; font-size-adjust: inherit; font-kerning: inherit; font-feature-settings: inherit; font-variation-settings: inherit; margin-top: var(--spacing-03); vertical-align: baseline; letter-spacing: 0.4px; color: rgb(0, 0, 0);\"><div class=\"expandable-text\" style=\"border: 0px; font-style: inherit; font-variant: inherit; font-weight: inherit; font-stretch: inherit; line-height: inherit; font-family: inherit; font-optical-sizing: inherit; font-size-adjust: inherit; font-kerning: inherit; font-feature-settings: inherit; font-variation-settings: inherit; vertical-align: baseline;\"><div class=\"expandable-text__content\" style=\"border: 0px; font-style: inherit; font-variant: inherit; font-weight: inherit; font-stretch: inherit; line-height: inherit; font-family: inherit; font-optical-sizing: inherit; font-size-adjust: inherit; font-kerning: inherit; font-feature-settings: inherit; font-variation-settings: inherit; vertical-align: baseline; overflow: hidden; transition: max-height 0.2s ease-in-out; max-height: calc(var(--line-height-paragraph-m) * 5);\"><div class=\"expandable-text__inner-content\" style=\"border: 0px; font-style: inherit; font-variant: inherit; font-weight: inherit; font-stretch: inherit; line-height: inherit; font-family: inherit; font-optical-sizing: inherit; font-size-adjust: inherit; font-kerning: inherit; font-feature-settings: inherit; font-variation-settings: inherit; vertical-align: baseline;\"><p style=\"border: 0px; font-style: inherit; font-variant: inherit; font-weight: inherit; font-stretch: inherit; line-height: inherit; font-family: inherit; font-optical-sizing: inherit; font-size-adjust: inherit; font-kerning: inherit; font-feature-settings: inherit; font-variation-settings: inherit; margin-bottom: 0px; vertical-align: baseline;\"><font size=\"2\">High-top sneakers. Combination of pieces on the upper. Ten-eyelet facing. Chunky sole.</font></p><div style=\"font-size: 11px;\"><br></div></div></div></div></div><ul class=\"product-detail-actions product-detail-info__product-actions\" style=\"border: 0px; font-variant-numeric: inherit; font-variant-east-asian: inherit; font-variant-alternates: inherit; font-variant-position: inherit; font-stretch: inherit; line-height: inherit; font-family: Neue-Helvetica, Helvetica, Arial, &quot;sans-serif&quot;; font-optical-sizing: inherit; font-size-adjust: inherit; font-kerning: inherit; font-feature-settings: inherit; font-variation-settings: inherit; font-size: 13px; margin-top: var(--spacing-05); margin-bottom: 0px; padding-left: 0px; vertical-align: baseline; list-style: none; color: rgb(0, 0, 0); letter-spacing: 0.4px;\"></ul>\r\n', '12180220120-a1.jpg', '12180220120-a2.jpg', '12180220120-e2.jpg', 299, 'Out of Stock', '2024-08-29 14:10:38', NULL, 'White', '12180220120-e3.jpg', '12180220120-e4.jpg', '12180220120-e1.jpg', NULL, NULL),
(72, 10, 21, 'CHUNKY MULTI-PIECE SNEAKERS', 'ZARA', 3, 4000, '                                                                                                                                                                                                                                                                Air Jordan 1 Retro High OG First in Flight                                                                                                                                                                                                                <label class=\"imgLable\">Product\r\n                                                    Description</label>\r\n                                                <label class=\"imgLable\">Product\r\n                                                    Description</label>\r\n', '12302320800-a1.jpg', '12302320800-a2.jpg', '12302320800-a3.jpg', 100, 'Out of Stock', '2024-08-29 14:13:41', NULL, 'black', '12302320800-e2.jpg', '12302320800-e3.jpg', '12302320800-e1.jpg', NULL, NULL),
(87, 29, 25, 'PADDED CHECK OVERSHIRT', 'ZARA', 2550, 3000, '                                                                                                <font color=\"#000000\"><span style=\"font-size: 11px; letter-spacing: 0.4px;\">Shirt made of a linen blend. Johnny collar and short turn-up sleeves with buttoned tabs. Front patch pockets. Button-up front.</span></font><div><font color=\"#000000\"><span style=\"font-size: 11px; letter-spacing: 0.4px;\"><br></span></font></div><div><p><font size=\"2\" color=\"#000000\">COMPOSITION, CARE &amp; ORIGIN<br>COMPOSITION</font></p><p><font size=\"2\" color=\"#000000\"><span style=\"font-weight: bolder;\"><br></span>We work with monitoring programmes to ensure compliance with our social, environmental, and health and safety standards for our products. To assess compliance, we have developed a programme of audits and continuous improvement plans.</font></p><p><font size=\"2\" color=\"#000000\">OUTER SHELL<br>76% viscose<br>22% polyamide<br>2% polyester</font></p><p><font size=\"2\" color=\"#000000\">CARE<br>Caring for your clothes is caring for the environment.<br>Lower temperature washes and delicate spin cycles are gentler on garments and help to protect the colour, shape, and structure of the fabric. Furthermore, they reduce the amount of energy used in care processes.</font></p><p><font size=\"2\" color=\"#000000\">Clothing Care Guide<br>Machine wash at max. 30ºC/86ºF with short spin cycle<br>Do not use bleach<br>Iron at a maximum of 110ºC/230ºF<br>Do not dry clean<br>Do not tumble dry</font></p><p><font size=\"2\" color=\"#000000\">ORIGIN<br>We work with our suppliers, workers, unions, and international organisations to develop a supply chain in which human rights are respected and promoted, contributing to the United Nations Sustainable Development Goals.<br>Thanks to the collaboration with our suppliers, we work to know the facilities and processes used to manufacture our products in order to understand their traceability.<br>Made in Cambodia</font></p><p><img src=\"https://static.zara.net/assets/public/d489/c4c2/d8b14d3f99fd/da8311b92031/03183703500-e1/03183703500-e1.jpg?ts=1720179788251&amp;w=563\" alt=\"PADDED CHECK OVERSHIRT\" align=\"left\"><font size=\"2\" color=\"#000000\"><br></font></p><p><br></p></div><label class=\"imgLable\"><br></label><label class=\"imgLable\">Product Description</label>                                                <label class=\"imgLable\">Product\r\n                                                    Description</label>\r\n                                                <label class=\"imgLable\">Product\r\n                                                    Description</label>\r\n', '03183703500-300-p.webp', '03183703500-e2.jpg', '03183703500-e3.jpg', 100, 'Out of Stock', '2024-09-13 15:23:06', NULL, 'productcolor', '03183703500-e4.jpg', '03183703500-e1.jpg', '03183703500-e1.jpg', NULL, NULL);
INSERT INTO `products` (`id`, `category`, `subCategory`, `productName`, `productCompany`, `productPrice`, `productPriceBeforeDiscount`, `productDescription`, `productImage1`, `productImage2`, `productImage3`, `shippingCharge`, `productAvailability`, `postingDate`, `updationDate`, `productColor`, `productImageFour`, `productImageFive`, `productImageSix`, `ProductCare`, `productSizes`) VALUES
(88, 29, 26, 'SHIRT WITH THIN STRIPES', 'ZARA', 3550, 4000, '<font color=\"#000000\" size=\"2\"><span style=\"letter-spacing: 0.4px;\">Shirt made of a linen blend. Johnny collar and short turn-up sleeves with buttoned tabs. Front patch pockets. Button-up front.</span></font><div><font color=\"#000000\" size=\"2\"><span style=\"letter-spacing: 0.4px;\"><br></span></font></div><div><p><font size=\"2\" color=\"#000000\">COMPOSITION, CARE &amp; ORIGIN<br>COMPOSITION</font></p><p><font size=\"2\" color=\"#000000\"><span style=\"font-weight: bolder;\"><br></span>We work with monitoring programmes to ensure compliance with our social, environmental, and health and safety standards for our products. To assess compliance, we have developed a programme of audits and continuous improvement plans.</font></p><p><font size=\"2\" color=\"#000000\">OUTER SHELL<br>76% viscose<br>22% polyamide<br>2% polyester</font></p><p><font size=\"2\" color=\"#000000\">CARE<br>Caring for your clothes is caring for the environment.<br>Lower temperature washes and delicate spin cycles are gentler on garments and help to protect the colour, shape, and structure of the fabric. Furthermore, they reduce the amount of energy used in care processes.</font></p><p><font size=\"2\" color=\"#000000\">Clothing Care Guide<br>Machine wash at max. 30ºC/86ºF with short spin cycle<br>Do not use bleach<br>Iron at a maximum of 110ºC/230ºF<br>Do not dry clean<br>Do not tumble dry</font></p><p><font size=\"2\" color=\"#000000\">ORIGIN<br>We work with our suppliers, workers, unions, and international organisations to develop a supply chain in which human rights are respected and promoted, contributing to the United Nations Sustainable Development Goals.<br>Thanks to the collaboration with our suppliers, we work to know the facilities and processes used to manufacture our products in order to understand their traceability.<br>Made in Cambodia</font></p><p><img src=\"https://static.zara.net/assets/public/475b/150d/0751474ab4f2/ce6a19feb11d/06048568052-e1/06048568052-e1.jpg?ts=1724229233063&amp;w=563\" alt=\"SHIRT WITH THIN STRIPES\" align=\"left\"><font size=\"2\" color=\"#000000\"><br></font></p></div><label class=\"imgLable\" style=\"top: 0px;\"><font size=\"2\">Product Description</font></label>                                            ', '06048568052-400-p.jpg', '06048568052-e1.jpg', '06048568052-400-a1.jpg', 100, 'Out of Stock', '2024-09-13 15:38:47', NULL, 'productcolor', '06048568052-e3.jpg', '06048568052-e2.jpg', '06048568052-e1.jpg', NULL, NULL),
(89, 8, 27, 'BOOTCUT TROUSERS', 'ZARA', 3550, 4000, '<div class=\"product-detail-description product-detail-info__description\" style=\"border: 0px; font-variant-numeric: inherit; font-variant-east-asian: inherit; font-variant-alternates: inherit; font-variant-position: inherit; font-stretch: var(--font-stretch-normal); line-height: var(--line-height-paragraph-m); font-family: Neue-Helvetica, Helvetica, Arial, &quot;sans-serif&quot;; font-optical-sizing: inherit; font-size-adjust: inherit; font-kerning: inherit; font-feature-settings: inherit; font-variation-settings: inherit; font-size: var(--font-size-paragraph-m); margin-top: var(--spacing-03); vertical-align: baseline; letter-spacing: 0.4px; color: rgb(0, 0, 0);\"><div class=\"expandable-text\" style=\"border: 0px; font-style: inherit; font-variant: inherit; font-weight: inherit; font-stretch: inherit; line-height: inherit; font-family: inherit; font-optical-sizing: inherit; font-size-adjust: inherit; font-kerning: inherit; font-feature-settings: inherit; font-variation-settings: inherit; font-size: 11px; vertical-align: baseline;\"><div class=\"expandable-text__content\" style=\"border: 0px; font-style: inherit; font-variant: inherit; font-weight: inherit; font-stretch: inherit; line-height: inherit; font-family: inherit; font-optical-sizing: inherit; font-size-adjust: inherit; font-kerning: inherit; font-feature-settings: inherit; font-variation-settings: inherit; vertical-align: baseline; overflow: hidden; transition: max-height 0.2s ease-in-out; max-height: calc(var(--line-height-paragraph-m) * 5);\"><div class=\"expandable-text__inner-content\" style=\"border: 0px; font-style: inherit; font-variant: inherit; font-weight: inherit; font-stretch: inherit; line-height: inherit; font-family: inherit; font-optical-sizing: inherit; font-size-adjust: inherit; font-kerning: inherit; font-feature-settings: inherit; font-variation-settings: inherit; vertical-align: baseline;\"><p style=\"border: 0px; font-style: inherit; font-variant: inherit; font-weight: inherit; font-stretch: inherit; line-height: inherit; font-family: inherit; font-optical-sizing: inherit; font-size-adjust: inherit; font-kerning: inherit; font-feature-settings: inherit; font-variation-settings: inherit; margin-bottom: 0px; vertical-align: baseline;\">High-waist trousers with belt loops. Side pockets and patch pockets on the back. Featuring contrast topstitching detail. Zip fly and top button fastening.</p><div><br></div></div></div></div></div><ul class=\"product-detail-actions product-detail-info__product-actions\" style=\"border: 0px; font-variant-numeric: inherit; font-variant-east-asian: inherit; font-variant-alternates: inherit; font-variant-position: inherit; font-stretch: inherit; line-height: inherit; font-family: Neue-Helvetica, Helvetica, Arial, &quot;sans-serif&quot;; font-optical-sizing: inherit; font-size-adjust: inherit; font-kerning: inherit; font-feature-settings: inherit; font-variation-settings: inherit; font-size: 13px; margin-top: var(--spacing-05); margin-bottom: 0px; padding-left: 0px; vertical-align: baseline; list-style: none; color: rgb(0, 0, 0); letter-spacing: 0.4px;\"></ul>                                            ', '01478234405-015-p.jpg', '01478234405-e1.jpg', '01478234405-e2.jpg', 100, 'Out of Stock', '2024-09-17 11:09:44', NULL, 'productcolor', '01478234405-e3.jpg', '01478234405-e4.jpg', '01478234405-e1.jpg', NULL, NULL),
(90, 8, 28, 'PRINTED MIDI DRESS', 'ZARA', 4500, 5000, '<div class=\"product-detail-description product-detail-info__description\" style=\"border: 0px; font-variant-numeric: inherit; font-variant-east-asian: inherit; font-variant-alternates: inherit; font-variant-position: inherit; font-stretch: var(--font-stretch-normal); line-height: var(--line-height-paragraph-m); font-family: Neue-Helvetica, Helvetica, Arial, &quot;sans-serif&quot;; font-optical-sizing: inherit; font-size-adjust: inherit; font-kerning: inherit; font-feature-settings: inherit; font-variation-settings: inherit; font-size: var(--font-size-paragraph-m); margin-top: var(--spacing-03); vertical-align: baseline; letter-spacing: 0.4px; color: rgb(0, 0, 0);\"><div class=\"expandable-text\" style=\"border: 0px; font-style: inherit; font-variant: inherit; font-weight: inherit; font-stretch: inherit; line-height: inherit; font-family: inherit; font-optical-sizing: inherit; font-size-adjust: inherit; font-kerning: inherit; font-feature-settings: inherit; font-variation-settings: inherit; font-size: 11px; vertical-align: baseline;\"><div class=\"expandable-text__content\" style=\"border: 0px; font-style: inherit; font-variant: inherit; font-weight: inherit; font-stretch: inherit; line-height: inherit; font-family: inherit; font-optical-sizing: inherit; font-size-adjust: inherit; font-kerning: inherit; font-feature-settings: inherit; font-variation-settings: inherit; vertical-align: baseline; overflow: hidden; transition: max-height 0.2s ease-in-out; max-height: calc(var(--line-height-paragraph-m) * 5);\"><div class=\"expandable-text__inner-content\" style=\"border: 0px; font-style: inherit; font-variant: inherit; font-weight: inherit; font-stretch: inherit; line-height: inherit; font-family: inherit; font-optical-sizing: inherit; font-size-adjust: inherit; font-kerning: inherit; font-feature-settings: inherit; font-variation-settings: inherit; vertical-align: baseline;\"><p style=\"border: 0px; font-style: inherit; font-variant: inherit; font-weight: inherit; font-stretch: inherit; line-height: inherit; font-family: inherit; font-optical-sizing: inherit; font-size-adjust: inherit; font-kerning: inherit; font-feature-settings: inherit; font-variation-settings: inherit; margin-bottom: 0px; vertical-align: baseline;\">Crossover v-neck long sleeve dress. Featuring gathering at the waist and metallic threading in the fabric.</p><div><br></div></div></div></div></div><ul class=\"product-detail-actions product-detail-info__product-actions\" style=\"border: 0px; font-variant-numeric: inherit; font-variant-east-asian: inherit; font-variant-alternates: inherit; font-variant-position: inherit; font-stretch: inherit; line-height: inherit; font-family: Neue-Helvetica, Helvetica, Arial, &quot;sans-serif&quot;; font-optical-sizing: inherit; font-size-adjust: inherit; font-kerning: inherit; font-feature-settings: inherit; font-variation-settings: inherit; font-size: 13px; margin-top: var(--spacing-05); margin-bottom: 0px; padding-left: 0px; vertical-align: baseline; list-style: none; color: rgb(0, 0, 0); letter-spacing: 0.4px;\"></ul>                                            ', '09170558330-p.jpg', '09170558330-e1.jpg', '09170558330-e2.jpg', 100, 'Out of Stock', '2024-09-17 11:17:46', NULL, 'productcolor', '09170558330-e3.jpg', '09170558330-e2.jpg', '09170558330-e1.jpg', NULL, NULL),
(91, 8, 29, 'ZW COLLECTION POCKET JACKET', 'ZARA', 8000, 8500, '<div class=\"expandable-text__content\" style=\"border: 0px; font-variant-numeric: inherit; font-variant-east-asian: inherit; font-variant-alternates: inherit; font-variant-position: inherit; font-stretch: inherit; line-height: inherit; font-family: Neue-Helvetica, Helvetica, Arial, &quot;sans-serif&quot;; font-optical-sizing: inherit; font-size-adjust: inherit; font-kerning: inherit; font-feature-settings: inherit; font-variation-settings: inherit; font-size: 11px; vertical-align: baseline; overflow: hidden; transition: max-height 0.2s ease-in-out; max-height: 126px; color: rgb(0, 0, 0); letter-spacing: 0.4px;\"><div class=\"expandable-text__inner-content\" style=\"border: 0px; font-style: inherit; font-variant: inherit; font-weight: inherit; font-stretch: inherit; line-height: inherit; font-family: inherit; font-optical-sizing: inherit; font-size-adjust: inherit; font-kerning: inherit; font-feature-settings: inherit; font-variation-settings: inherit; vertical-align: baseline;\"><p style=\"border: 0px; font-style: inherit; font-variant: inherit; font-weight: inherit; font-stretch: inherit; line-height: inherit; font-family: inherit; font-optical-sizing: inherit; font-size-adjust: inherit; font-kerning: inherit; font-feature-settings: inherit; font-variation-settings: inherit; margin-bottom: 0px; vertical-align: baseline;\">Jacket made of a cotton blend yarn. Featuring a high neck, long sleeves with cuffs, front flap patch pockets, an adjustable drawstring waist and a concealed metal zip fastening with a flap.</p><div><br></div></div></div><button class=\"expandable-text__view-more product-detail-description__expandable-text-view-more\" data-qa-action=\"toggle-expandable-text\" style=\"appearance: none; background-image: none; background-position: initial; background-size: initial; background-repeat: initial; background-attachment: initial; background-origin: initial; background-clip: initial; border-width: initial; border-style: none; border-color: initial; font-size: var(--font-size-paragraph-m); line-height: var(--line-height-paragraph-m); margin-top: var(--spacing-01); outline: 0px; text-decoration-line: underline; letter-spacing: var(--letter-spacing-paragraph-m); font-stretch: var(--font-stretch-normal); font-weight: var(--font-weight-light);\"></button>                                            ', '05320277745-p.jpg', '05320277745-a1.jpg', '05320277745-a5.jpg', 100, 'Out of Stock', '2024-09-17 11:22:00', NULL, 'productcolor', '05320277745-a6.jpg', '05320277745-e2.jpg', '05320277745-e1.jpg', NULL, NULL),
(93, 8, 15, 'BANDANA SHIRT ZW COLLECTION', 'ZARA', 3550, 4000, '                                            ', '08908345507-p.jpg', '08908345507-a1.jpg', '08908345507-a2.jpg', 100, 'Out of Stock', '2024-09-17 11:30:29', NULL, 'productcolor', '08908345507-a4.jpg', '08908345507-e2.jpg', '08908345507-e1.jpg', NULL, NULL),
(94, 8, 30, 'WAXED-EFFECT TRENCH COAT', 'ZARA', 9000, 10000, '<div class=\"product-detail-description product-detail-info__description\" style=\"border: 0px; font-variant-numeric: inherit; font-variant-east-asian: inherit; font-variant-alternates: inherit; font-variant-position: inherit; font-stretch: var(--font-stretch-normal); line-height: var(--line-height-paragraph-m); font-family: Neue-Helvetica, Helvetica, Arial, &quot;sans-serif&quot;; font-optical-sizing: inherit; font-size-adjust: inherit; font-kerning: inherit; font-feature-settings: inherit; font-variation-settings: inherit; font-size: var(--font-size-paragraph-m); margin-top: var(--spacing-03); vertical-align: baseline; letter-spacing: 0.4px; color: rgb(0, 0, 0);\"><div class=\"expandable-text\" style=\"border: 0px; font-style: inherit; font-variant: inherit; font-weight: inherit; font-stretch: inherit; line-height: inherit; font-family: inherit; font-optical-sizing: inherit; font-size-adjust: inherit; font-kerning: inherit; font-feature-settings: inherit; font-variation-settings: inherit; font-size: 11px; vertical-align: baseline;\"><div class=\"expandable-text__content\" style=\"border: 0px; font-style: inherit; font-variant: inherit; font-weight: inherit; font-stretch: inherit; line-height: inherit; font-family: inherit; font-optical-sizing: inherit; font-size-adjust: inherit; font-kerning: inherit; font-feature-settings: inherit; font-variation-settings: inherit; vertical-align: baseline; overflow: hidden; transition: max-height 0.2s ease-in-out; max-height: calc(var(--line-height-paragraph-m) * 5);\"><div class=\"expandable-text__inner-content\" style=\"border: 0px; font-style: inherit; font-variant: inherit; font-weight: inherit; font-stretch: inherit; line-height: inherit; font-family: inherit; font-optical-sizing: inherit; font-size-adjust: inherit; font-kerning: inherit; font-feature-settings: inherit; font-variation-settings: inherit; vertical-align: baseline;\"><p style=\"border: 0px; font-style: inherit; font-variant: inherit; font-weight: inherit; font-stretch: inherit; line-height: inherit; font-family: inherit; font-optical-sizing: inherit; font-size-adjust: inherit; font-kerning: inherit; font-feature-settings: inherit; font-variation-settings: inherit; margin-bottom: 0px; vertical-align: baseline;\">Trench coat with a contrast corduroy collar with a buckle fastening and long sleeves with buttoned tabs. Front flap pockets, a dart detail with a tab on the back and snap-button fastening on the front.</p><div><br></div></div></div></div></div><ul class=\"product-detail-actions product-detail-info__product-actions\" style=\"border: 0px; font-variant-numeric: inherit; font-variant-east-asian: inherit; font-variant-alternates: inherit; font-variant-position: inherit; font-stretch: inherit; line-height: inherit; font-family: Neue-Helvetica, Helvetica, Arial, &quot;sans-serif&quot;; font-optical-sizing: inherit; font-size-adjust: inherit; font-kerning: inherit; font-feature-settings: inherit; font-variation-settings: inherit; font-size: 13px; margin-top: var(--spacing-05); margin-bottom: 0px; padding-left: 0px; vertical-align: baseline; list-style: none; color: rgb(0, 0, 0); letter-spacing: 0.4px;\"></ul>                                            ', '04341881778-015-a1.jpg', '04341881778-015-p.jpg', '04341881778-015-a2.jpg', 100, 'Out of Stock', '2024-09-17 11:43:45', NULL, 'productcolor', '04341881778-015-a3.jpg', '04341881778-015-a4.jpg', '04341881778-e1.jpg', NULL, NULL),
(95, 10, 31, 'CONTRAST BOMBER JACKET', 'ZARA', 4500, 5000, '<div class=\"product-detail-description product-detail-info__description\" style=\"border: 0px; font-variant-numeric: inherit; font-variant-east-asian: inherit; font-variant-alternates: inherit; font-variant-position: inherit; font-stretch: var(--font-stretch-normal); line-height: var(--line-height-paragraph-m); font-family: Neue-Helvetica, Helvetica, Arial, &quot;sans-serif&quot;; font-optical-sizing: inherit; font-size-adjust: inherit; font-kerning: inherit; font-feature-settings: inherit; font-variation-settings: inherit; font-size: var(--font-size-paragraph-m); margin-top: var(--spacing-03); vertical-align: baseline; letter-spacing: 0.4px; color: rgb(0, 0, 0);\"><div class=\"expandable-text\" style=\"border: 0px; font-style: inherit; font-variant: inherit; font-weight: inherit; font-stretch: inherit; line-height: inherit; font-family: inherit; font-optical-sizing: inherit; font-size-adjust: inherit; font-kerning: inherit; font-feature-settings: inherit; font-variation-settings: inherit; font-size: 11px; vertical-align: baseline;\"><div class=\"expandable-text__content\" style=\"border: 0px; font-style: inherit; font-variant: inherit; font-weight: inherit; font-stretch: inherit; line-height: inherit; font-family: inherit; font-optical-sizing: inherit; font-size-adjust: inherit; font-kerning: inherit; font-feature-settings: inherit; font-variation-settings: inherit; vertical-align: baseline; overflow: hidden; transition: max-height 0.2s ease-in-out; max-height: calc(var(--line-height-paragraph-m) * 5);\"><div class=\"expandable-text__inner-content\" style=\"border: 0px; font-style: inherit; font-variant: inherit; font-weight: inherit; font-stretch: inherit; line-height: inherit; font-family: inherit; font-optical-sizing: inherit; font-size-adjust: inherit; font-kerning: inherit; font-feature-settings: inherit; font-variation-settings: inherit; vertical-align: baseline;\"><p style=\"border: 0px; font-style: inherit; font-variant: inherit; font-weight: inherit; font-stretch: inherit; line-height: inherit; font-family: inherit; font-optical-sizing: inherit; font-size-adjust: inherit; font-kerning: inherit; font-feature-settings: inherit; font-variation-settings: inherit; margin-bottom: 0px; vertical-align: baseline;\">Lightweight varsity jacket crafted from colour-block cotton fabrics. Featuring a high neck, long sleeves, side pockets at the hip, ribbed trims and a snap-button fastening at the front.</p><div><br></div></div></div></div></div><ul class=\"product-detail-actions product-detail-info__product-actions\" style=\"border: 0px; font-variant-numeric: inherit; font-variant-east-asian: inherit; font-variant-alternates: inherit; font-variant-position: inherit; font-stretch: inherit; line-height: inherit; font-family: Neue-Helvetica, Helvetica, Arial, &quot;sans-serif&quot;; font-optical-sizing: inherit; font-size-adjust: inherit; font-kerning: inherit; font-feature-settings: inherit; font-variation-settings: inherit; font-size: 13px; margin-top: var(--spacing-05); margin-bottom: 0px; padding-left: 0px; vertical-align: baseline; list-style: none; color: rgb(0, 0, 0); letter-spacing: 0.4px;\"></ul>                                            ', '04092309712-p.jpg', '04092309712-a1.jpg', '04092309712-a2.jpg', 100, 'Out of Stock', '2024-09-17 11:51:43', NULL, 'productcolor', '04092309712-a3.jpg', '04092309712-a4.jpg', '04092309712-e1.jpg', NULL, NULL),
(96, 10, 32, 'TEXTURED COMFORT TROUSERS', 'ZARA', 3550, 4000, '<div class=\"product-detail-description product-detail-info__description\" style=\"border: 0px; font-variant-numeric: inherit; font-variant-east-asian: inherit; font-variant-alternates: inherit; font-variant-position: inherit; font-stretch: var(--font-stretch-normal); line-height: var(--line-height-paragraph-m); font-family: Neue-Helvetica, Helvetica, Arial, &quot;sans-serif&quot;; font-optical-sizing: inherit; font-size-adjust: inherit; font-kerning: inherit; font-feature-settings: inherit; font-variation-settings: inherit; font-size: var(--font-size-paragraph-m); margin-top: var(--spacing-03); vertical-align: baseline; letter-spacing: 0.4px; color: rgb(0, 0, 0);\"><div class=\"expandable-text\" style=\"border: 0px; font-style: inherit; font-variant: inherit; font-weight: inherit; font-stretch: inherit; line-height: inherit; font-family: inherit; font-optical-sizing: inherit; font-size-adjust: inherit; font-kerning: inherit; font-feature-settings: inherit; font-variation-settings: inherit; font-size: 11px; vertical-align: baseline;\"><div class=\"expandable-text__content\" style=\"border: 0px; font-style: inherit; font-variant: inherit; font-weight: inherit; font-stretch: inherit; line-height: inherit; font-family: inherit; font-optical-sizing: inherit; font-size-adjust: inherit; font-kerning: inherit; font-feature-settings: inherit; font-variation-settings: inherit; vertical-align: baseline; overflow: hidden; transition: max-height 0.2s ease-in-out; max-height: calc(var(--line-height-paragraph-m) * 5);\"><div class=\"expandable-text__inner-content\" style=\"border: 0px; font-style: inherit; font-variant: inherit; font-weight: inherit; font-stretch: inherit; line-height: inherit; font-family: inherit; font-optical-sizing: inherit; font-size-adjust: inherit; font-kerning: inherit; font-feature-settings: inherit; font-variation-settings: inherit; vertical-align: baseline;\"><p style=\"border: 0px; font-style: inherit; font-variant: inherit; font-weight: inherit; font-stretch: inherit; line-height: inherit; font-family: inherit; font-optical-sizing: inherit; font-size-adjust: inherit; font-kerning: inherit; font-feature-settings: inherit; font-variation-settings: inherit; margin-bottom: 0px; vertical-align: baseline;\">Slim-fit trousers made of two-way stretchy fabric. Front pockets and rear welt pockets with button detail. Front zip fly and top button fastening.</p><div><br></div></div></div></div></div><ul class=\"product-detail-actions product-detail-info__product-actions\" style=\"border: 0px; font-variant-numeric: inherit; font-variant-east-asian: inherit; font-variant-alternates: inherit; font-variant-position: inherit; font-stretch: inherit; line-height: inherit; font-family: Neue-Helvetica, Helvetica, Arial, &quot;sans-serif&quot;; font-optical-sizing: inherit; font-size-adjust: inherit; font-kerning: inherit; font-feature-settings: inherit; font-variation-settings: inherit; font-size: 13px; margin-top: var(--spacing-05); margin-bottom: 0px; padding-left: 0px; vertical-align: baseline; list-style: none; color: rgb(0, 0, 0); letter-spacing: 0.4px;\"></ul>                                            ', '06861648710-p.jpg', '06861648710-a1.jpg', '06861648710-a2.jpg', 100, 'Out of Stock', '2024-09-17 11:54:43', NULL, 'productcolor', '1689085217718.jpg', '1689085217334.jpg', '05941648710-e1.jpg', NULL, NULL);
INSERT INTO `products` (`id`, `category`, `subCategory`, `productName`, `productCompany`, `productPrice`, `productPriceBeforeDiscount`, `productDescription`, `productImage1`, `productImage2`, `productImage3`, `shippingCharge`, `productAvailability`, `postingDate`, `updationDate`, `productColor`, `productImageFour`, `productImageFive`, `productImageSix`, `ProductCare`, `productSizes`) VALUES
(105, 8, 35, 'SOFT BUTTON COAT', 'QUINTET   ', 3550, 4000, '                                                <div class=\"product-detail-extra-detail__section\" data-observer-key=\"title\" style=\"border: 0px; font-variant-numeric: inherit; font-variant-east-asian: inherit; font-variant-alternates: inherit; font-variant-position: inherit; font-variant-emoji: inherit; font-stretch: inherit; line-height: inherit; font-family: Neue-Helvetica, Helvetica, Arial, &quot;sans-serif&quot;; font-optical-sizing: inherit; font-size-adjust: inherit; font-kerning: inherit; font-feature-settings: inherit; font-variation-settings: inherit; font-size: 13px; vertical-align: baseline; color: rgb(0, 0, 0); letter-spacing: 0.4px;\"><div class=\"structured-component-text-block-title\" style=\"border: 0px; font-style: inherit; font-variant: inherit; font-weight: inherit; font-stretch: inherit; line-height: inherit; font-family: inherit; font-optical-sizing: inherit; font-size-adjust: inherit; font-kerning: inherit; font-feature-settings: inherit; font-variation-settings: inherit; vertical-align: baseline;\"><span class=\"structured-component-text zds-heading-s\" style=\"border: 0px; font-style: inherit; font-variant: inherit; font-weight: var(--font-weight-light); font-stretch: var(--font-stretch-normal); line-height: var(--line-height-heading-s); font-family: var(--font-family-heading-s); font-optical-sizing: inherit; font-size-adjust: inherit; font-kerning: inherit; font-feature-settings: inherit; font-variation-settings: inherit; font-size: var(--font-size-heading-s); vertical-align: baseline; letter-spacing: var(--letter-spacing-heading-s); text-transform: uppercase; white-space-collapse: preserve;\"><span style=\"border: 0px; font-style: inherit; font-variant: inherit; font-weight: inherit; font-stretch: inherit; line-height: inherit; font-family: inherit; font-optical-sizing: inherit; font-size-adjust: inherit; font-kerning: inherit; font-feature-settings: inherit; font-variation-settings: inherit; font-size: 11px; vertical-align: baseline;\">COMPOSITION, CARE &amp; ORIGIN</span></span></div><div class=\"structured-component-text-block-title\" style=\"border: 0px; font-style: inherit; font-variant: inherit; font-weight: inherit; font-stretch: inherit; line-height: inherit; font-family: inherit; font-optical-sizing: inherit; font-size-adjust: inherit; font-kerning: inherit; font-feature-settings: inherit; font-variation-settings: inherit; vertical-align: baseline;\"><span class=\"structured-component-text zds-heading-s\" style=\"border: 0px; font-style: inherit; font-variant: inherit; font-weight: var(--font-weight-light); font-stretch: var(--font-stretch-normal); line-height: var(--line-height-heading-s); font-family: var(--font-family-heading-s); font-optical-sizing: inherit; font-size-adjust: inherit; font-kerning: inherit; font-feature-settings: inherit; font-variation-settings: inherit; font-size: var(--font-size-heading-s); vertical-align: baseline; letter-spacing: var(--letter-spacing-heading-s); text-transform: uppercase; white-space-collapse: preserve;\"><span style=\"border: 0px; font-style: inherit; font-variant: inherit; font-weight: inherit; font-stretch: inherit; line-height: inherit; font-family: inherit; font-optical-sizing: inherit; font-size-adjust: inherit; font-kerning: inherit; font-feature-settings: inherit; font-variation-settings: inherit; font-size: 11px; vertical-align: baseline;\"><br></span></span></div><div class=\"structured-component-spacer\" style=\"border: 0px; font-style: inherit; font-variant: inherit; font-weight: inherit; font-stretch: inherit; line-height: inherit; font-family: inherit; font-optical-sizing: inherit; font-size-adjust: inherit; font-kerning: inherit; font-feature-settings: inherit; font-variation-settings: inherit; vertical-align: baseline; width: var(--spacing-06); height: var(--spacing-06);\"></div></div><div class=\"product-detail-extra-detail__section\" data-observer-key=\"materials\" style=\"border: 0px; font-variant-numeric: inherit; font-variant-east-asian: inherit; font-variant-alternates: inherit; font-variant-position: inherit; font-variant-emoji: inherit; font-stretch: inherit; line-height: inherit; font-family: Neue-Helvetica, Helvetica, Arial, &quot;sans-serif&quot;; font-optical-sizing: inherit; font-size-adjust: inherit; font-kerning: inherit; font-feature-settings: inherit; font-variation-settings: inherit; font-size: 13px; vertical-align: baseline; color: rgb(0, 0, 0); letter-spacing: 0.4px;\"><div class=\"structured-component-text-block-subtitle\" style=\"border: 0px; font-style: inherit; font-variant: inherit; font-weight: inherit; font-stretch: inherit; line-height: inherit; font-family: inherit; font-optical-sizing: inherit; font-size-adjust: inherit; font-kerning: inherit; font-feature-settings: inherit; font-variation-settings: inherit; vertical-align: baseline;\"><span class=\"structured-component-text zds-heading-s\" style=\"border: 0px; font-style: inherit; font-variant: inherit; font-weight: var(--font-weight-light); font-stretch: var(--font-stretch-normal); line-height: var(--line-height-heading-s); font-family: var(--font-family-heading-s); font-optical-sizing: inherit; font-size-adjust: inherit; font-kerning: inherit; font-feature-settings: inherit; font-variation-settings: inherit; font-size: var(--font-size-heading-s); vertical-align: baseline; letter-spacing: var(--letter-spacing-heading-s); text-transform: uppercase; white-space-collapse: preserve;\"><span style=\"border: 0px; font-style: inherit; font-variant: inherit; font-weight: inherit; font-stretch: inherit; line-height: inherit; font-family: inherit; font-optical-sizing: inherit; font-size-adjust: inherit; font-kerning: inherit; font-feature-settings: inherit; font-variation-settings: inherit; font-size: 11px; vertical-align: baseline;\">COMPOSITION</span></span></div><div class=\"structured-component-text-block-subtitle\" style=\"border: 0px; font-style: inherit; font-variant: inherit; font-weight: inherit; font-stretch: inherit; line-height: inherit; font-family: inherit; font-optical-sizing: inherit; font-size-adjust: inherit; font-kerning: inherit; font-feature-settings: inherit; font-variation-settings: inherit; vertical-align: baseline;\"><span class=\"structured-component-text zds-heading-s\" style=\"border: 0px; font-style: inherit; font-variant: inherit; font-weight: var(--font-weight-light); font-stretch: var(--font-stretch-normal); line-height: var(--line-height-heading-s); font-family: var(--font-family-heading-s); font-optical-sizing: inherit; font-size-adjust: inherit; font-kerning: inherit; font-feature-settings: inherit; font-variation-settings: inherit; font-size: var(--font-size-heading-s); vertical-align: baseline; letter-spacing: var(--letter-spacing-heading-s); text-transform: uppercase; white-space-collapse: preserve;\"><span style=\"border: 0px; font-style: inherit; font-variant: inherit; font-weight: inherit; font-stretch: inherit; line-height: inherit; font-family: inherit; font-optical-sizing: inherit; font-size-adjust: inherit; font-kerning: inherit; font-feature-settings: inherit; font-variation-settings: inherit; font-size: 11px; vertical-align: baseline;\"><br></span></span></div><div class=\"structured-component-text-block-paragraph\" style=\"border: 0px; font-style: inherit; font-variant: inherit; font-weight: inherit; font-stretch: inherit; line-height: inherit; font-family: inherit; font-optical-sizing: inherit; font-size-adjust: inherit; font-kerning: inherit; font-feature-settings: inherit; font-variation-settings: inherit; vertical-align: baseline;\"><span class=\"structured-component-text zds-paragraph-m\" style=\"border: 0px; font-style: inherit; font-variant: inherit; font-weight: var(--font-weight-light); font-stretch: var(--font-stretch-normal); line-height: var(--line-height-paragraph-m); font-family: var(--font-family-paragraph-m); font-optical-sizing: inherit; font-size-adjust: inherit; font-kerning: inherit; font-feature-settings: inherit; font-variation-settings: inherit; font-size: var(--font-size-paragraph-m); vertical-align: baseline; letter-spacing: var(--letter-spacing-paragraph-m); white-space-collapse: preserve;\"><span style=\"border: 0px; font-style: inherit; font-variant: inherit; font-weight: inherit; font-stretch: inherit; line-height: inherit; font-family: inherit; font-optical-sizing: inherit; font-size-adjust: inherit; font-kerning: inherit; font-feature-settings: inherit; font-variation-settings: inherit; font-size: 11px; vertical-align: baseline;\"></span></span></div><div class=\"structured-component-spacer\" style=\"border: 0px; font-style: inherit; font-variant: inherit; font-weight: inherit; font-stretch: inherit; line-height: inherit; font-family: inherit; font-optical-sizing: inherit; font-size-adjust: inherit; font-kerning: inherit; font-feature-settings: inherit; font-variation-settings: inherit; vertical-align: baseline; width: var(--spacing-04); height: var(--spacing-04);\"></div><div class=\"structured-component-text-block-subtitle\" style=\"border: 0px; font-style: inherit; font-variant: inherit; font-weight: inherit; font-stretch: inherit; line-height: inherit; font-family: inherit; font-optical-sizing: inherit; font-size-adjust: inherit; font-kerning: inherit; font-feature-settings: inherit; font-variation-settings: inherit; vertical-align: baseline;\"><span class=\"structured-component-text zds-heading-xs\" style=\"border: 0px; font-style: inherit; font-variant: inherit; font-weight: var(--font-weight-light); font-stretch: var(--font-stretch-normal); line-height: var(--line-height-heading-xs); font-family: var(--font-family-heading-xs); font-optical-sizing: inherit; font-size-adjust: inherit; font-kerning: inherit; font-feature-settings: inherit; font-variation-settings: inherit; font-size: var(--font-size-heading-xs); vertical-align: baseline; letter-spacing: var(--letter-spacing-heading-xs); text-transform: uppercase; white-space-collapse: preserve;\"><span style=\"border: 0px; font-style: inherit; font-variant: inherit; font-weight: inherit; font-stretch: inherit; line-height: inherit; font-family: inherit; font-optical-sizing: inherit; font-size-adjust: inherit; font-kerning: inherit; font-feature-settings: inherit; font-variation-settings: inherit; font-size: 10px; vertical-align: baseline;\">OUTER SHELL</span></span></div><div class=\"structured-component-text-block-paragraph\" style=\"border: 0px; font-style: inherit; font-variant: inherit; font-weight: inherit; font-stretch: inherit; line-height: inherit; font-family: inherit; font-optical-sizing: inherit; font-size-adjust: inherit; font-kerning: inherit; font-feature-settings: inherit; font-variation-settings: inherit; vertical-align: baseline;\"><span class=\"structured-component-text zds-paragraph-m\" style=\"border: 0px; font-style: inherit; font-variant: inherit; font-weight: var(--font-weight-light); font-stretch: var(--font-stretch-normal); line-height: var(--line-height-paragraph-m); font-family: var(--font-family-paragraph-m); font-optical-sizing: inherit; font-size-adjust: inherit; font-kerning: inherit; font-feature-settings: inherit; font-variation-settings: inherit; font-size: var(--font-size-paragraph-m); vertical-align: baseline; letter-spacing: var(--letter-spacing-paragraph-m); white-space-collapse: preserve;\"><span style=\"border: 0px; font-style: inherit; font-variant: inherit; font-weight: inherit; font-stretch: inherit; line-height: inherit; font-family: inherit; font-optical-sizing: inherit; font-size-adjust: inherit; font-kerning: inherit; font-feature-settings: inherit; font-variation-settings: inherit; font-size: 11px; vertical-align: baseline;\">100% polyester</span></span></div><div class=\"structured-component-text-block-paragraph\" style=\"border: 0px; font-style: inherit; font-variant: inherit; font-weight: inherit; font-stretch: inherit; line-height: inherit; font-family: inherit; font-optical-sizing: inherit; font-size-adjust: inherit; font-kerning: inherit; font-feature-settings: inherit; font-variation-settings: inherit; vertical-align: baseline;\"><span class=\"structured-component-text zds-paragraph-m\" style=\"border: 0px; font-style: inherit; font-variant: inherit; font-weight: var(--font-weight-light); font-stretch: var(--font-stretch-normal); line-height: var(--line-height-paragraph-m); font-family: var(--font-family-paragraph-m); font-optical-sizing: inherit; font-size-adjust: inherit; font-kerning: inherit; font-feature-settings: inherit; font-variation-settings: inherit; font-size: var(--font-size-paragraph-m); vertical-align: baseline; letter-spacing: var(--letter-spacing-paragraph-m); white-space-collapse: preserve;\"><span style=\"border: 0px; font-style: inherit; font-variant: inherit; font-weight: inherit; font-stretch: inherit; line-height: inherit; font-family: inherit; font-optical-sizing: inherit; font-size-adjust: inherit; font-kerning: inherit; font-feature-settings: inherit; font-variation-settings: inherit; font-size: 11px; vertical-align: baseline;\"><br></span></span></div><div class=\"structured-component-spacer\" style=\"border: 0px; font-style: inherit; font-variant: inherit; font-weight: inherit; font-stretch: inherit; line-height: inherit; font-family: inherit; font-optical-sizing: inherit; font-size-adjust: inherit; font-kerning: inherit; font-feature-settings: inherit; font-variation-settings: inherit; vertical-align: baseline; width: var(--spacing-07); height: var(--spacing-07);\"></div></div><div class=\"product-detail-extra-detail__section\" data-observer-key=\"recycledMaterials\" style=\"border: 0px; font-variant-numeric: inherit; font-variant-east-asian: inherit; font-variant-alternates: inherit; font-variant-position: inherit; font-variant-emoji: inherit; font-stretch: inherit; line-height: inherit; font-family: Neue-Helvetica, Helvetica, Arial, &quot;sans-serif&quot;; font-optical-sizing: inherit; font-size-adjust: inherit; font-kerning: inherit; font-feature-settings: inherit; font-variation-settings: inherit; font-size: 13px; vertical-align: baseline; color: rgb(0, 0, 0); letter-spacing: 0.4px;\"><div class=\"structured-component-text-block-paragraph\" style=\"border: 0px; font-style: inherit; font-variant: inherit; font-weight: inherit; font-stretch: inherit; line-height: inherit; font-family: inherit; font-optical-sizing: inherit; font-size-adjust: inherit; font-kerning: inherit; font-feature-settings: inherit; font-variation-settings: inherit; vertical-align: baseline;\"><span class=\"structured-component-text zds-paragraph-m\" style=\"border: 0px; font-style: inherit; font-variant: inherit; font-weight: var(--font-weight-light); font-stretch: var(--font-stretch-normal); line-height: var(--line-height-paragraph-m); font-family: var(--font-family-paragraph-m); font-optical-sizing: inherit; font-size-adjust: inherit; font-kerning: inherit; font-feature-settings: inherit; font-variation-settings: inherit; font-size: var(--font-size-paragraph-m); vertical-align: baseline; letter-spacing: var(--letter-spacing-paragraph-m); white-space-collapse: preserve;\"><span style=\"border: 0px; font-style: inherit; font-variant: inherit; font-weight: inherit; font-stretch: inherit; line-height: inherit; font-family: inherit; font-optical-sizing: inherit; font-size-adjust: inherit; font-kerning: inherit; font-feature-settings: inherit; font-variation-settings: inherit; font-size: 11px; vertical-align: baseline;\">Which contains at least:</span></span></div><div class=\"structured-component-text-block-paragraph\" style=\"border: 0px; font-style: inherit; font-variant: inherit; font-weight: inherit; font-stretch: inherit; line-height: inherit; font-family: inherit; font-optical-sizing: inherit; font-size-adjust: inherit; font-kerning: inherit; font-feature-settings: inherit; font-variation-settings: inherit; vertical-align: baseline;\"><span class=\"structured-component-text zds-paragraph-m\" style=\"border: 0px; font-style: inherit; font-variant: inherit; font-weight: var(--font-weight-light); font-stretch: var(--font-stretch-normal); line-height: var(--line-height-paragraph-m); font-family: var(--font-family-paragraph-m); font-optical-sizing: inherit; font-size-adjust: inherit; font-kerning: inherit; font-feature-settings: inherit; font-variation-settings: inherit; font-size: var(--font-size-paragraph-m); vertical-align: baseline; letter-spacing: var(--letter-spacing-paragraph-m); white-space-collapse: preserve;\"><span style=\"border: 0px; font-style: inherit; font-variant: inherit; font-weight: inherit; font-stretch: inherit; line-height: inherit; font-family: inherit; font-optical-sizing: inherit; font-size-adjust: inherit; font-kerning: inherit; font-feature-settings: inherit; font-variation-settings: inherit; font-size: 11px; vertical-align: baseline;\"><br></span></span></div><div class=\"structured-component-spacer\" style=\"border: 0px; font-style: inherit; font-variant: inherit; font-weight: inherit; font-stretch: inherit; line-height: inherit; font-family: inherit; font-optical-sizing: inherit; font-size-adjust: inherit; font-kerning: inherit; font-feature-settings: inherit; font-variation-settings: inherit; vertical-align: baseline; width: var(--spacing-04); height: var(--spacing-04);\"></div><div class=\"structured-component-text-block-subtitle\" style=\"border: 0px; font-style: inherit; font-variant: inherit; font-weight: inherit; font-stretch: inherit; line-height: inherit; font-family: inherit; font-optical-sizing: inherit; font-size-adjust: inherit; font-kerning: inherit; font-feature-settings: inherit; font-variation-settings: inherit; vertical-align: baseline;\"><span class=\"structured-component-text zds-heading-xs\" style=\"border: 0px; font-style: inherit; font-variant: inherit; font-weight: var(--font-weight-light); font-stretch: var(--font-stretch-normal); line-height: var(--line-height-heading-xs); font-family: var(--font-family-heading-xs); font-optical-sizing: inherit; font-size-adjust: inherit; font-kerning: inherit; font-feature-settings: inherit; font-variation-settings: inherit; font-size: var(--font-size-heading-xs); vertical-align: baseline; letter-spacing: var(--letter-spacing-heading-xs); text-transform: uppercase; white-space-collapse: preserve;\"><span style=\"border: 0px; font-style: inherit; font-variant: inherit; font-weight: inherit; font-stretch: inherit; line-height: inherit; font-family: inherit; font-optical-sizing: inherit; font-size-adjust: inherit; font-kerning: inherit; font-feature-settings: inherit; font-variation-settings: inherit; font-size: 10px; vertical-align: baseline;\">OUTER SHELL</span></span></div><div class=\"structured-component-text-block-paragraph\" style=\"border: 0px; font-style: inherit; font-variant: inherit; font-weight: inherit; font-stretch: inherit; line-height: inherit; font-family: inherit; font-optical-sizing: inherit; font-size-adjust: inherit; font-kerning: inherit; font-feature-settings: inherit; font-variation-settings: inherit; vertical-align: baseline;\"><span class=\"structured-component-text zds-paragraph-m\" style=\"border: 0px; font-style: inherit; font-variant: inherit; font-weight: var(--font-weight-light); font-stretch: var(--font-stretch-normal); line-height: var(--line-height-paragraph-m); font-family: var(--font-family-paragraph-m); font-optical-sizing: inherit; font-size-adjust: inherit; font-kerning: inherit; font-feature-settings: inherit; font-variation-settings: inherit; font-size: var(--font-size-paragraph-m); vertical-align: baseline; letter-spacing: var(--letter-spacing-paragraph-m); white-space-collapse: preserve;\"><span style=\"border: 0px; font-style: inherit; font-variant: inherit; font-weight: inherit; font-stretch: inherit; line-height: inherit; font-family: inherit; font-optical-sizing: inherit; font-size-adjust: inherit; font-kerning: inherit; font-feature-settings: inherit; font-variation-settings: inherit; font-size: 11px; vertical-align: baseline;\">100% RCS certified recycled polyester</span></span></div><div class=\"structured-component-text-block-paragraph\" style=\"border: 0px; font-style: inherit; font-variant: inherit; font-weight: inherit; font-stretch: inherit; line-height: inherit; font-family: inherit; font-optical-sizing: inherit; font-size-adjust: inherit; font-kerning: inherit; font-feature-settings: inherit; font-variation-settings: inherit; vertical-align: baseline;\"><span class=\"structured-component-text zds-paragraph-m\" style=\"border: 0px; font-style: inherit; font-variant: inherit; font-weight: var(--font-weight-light); font-stretch: var(--font-stretch-normal); line-height: var(--line-height-paragraph-m); font-family: var(--font-family-paragraph-m); font-optical-sizing: inherit; font-size-adjust: inherit; font-kerning: inherit; font-feature-settings: inherit; font-variation-settings: inherit; font-size: var(--font-size-paragraph-m); vertical-align: baseline; letter-spacing: var(--letter-spacing-paragraph-m); white-space-collapse: preserve;\"><span style=\"border: 0px; font-style: inherit; font-variant: inherit; font-weight: inherit; font-stretch: inherit; line-height: inherit; font-family: inherit; font-optical-sizing: inherit; font-size-adjust: inherit; font-kerning: inherit; font-feature-settings: inherit; font-variation-settings: inherit; font-size: 11px; vertical-align: baseline;\"><br></span></span></div><div class=\"structured-component-spacer\" style=\"border: 0px; font-style: inherit; font-variant: inherit; font-weight: inherit; font-stretch: inherit; line-height: inherit; font-family: inherit; font-optical-sizing: inherit; font-size-adjust: inherit; font-kerning: inherit; font-feature-settings: inherit; font-variation-settings: inherit; vertical-align: baseline; width: var(--spacing-07); height: var(--spacing-07);\"></div></div><div class=\"product-detail-extra-detail__section\" data-observer-key=\"certifiedMaterials\" style=\"border: 0px; font-variant-numeric: inherit; font-variant-east-asian: inherit; font-variant-alternates: inherit; font-variant-position: inherit; font-variant-emoji: inherit; font-stretch: inherit; line-height: inherit; font-family: Neue-Helvetica, Helvetica, Arial, &quot;sans-serif&quot;; font-optical-sizing: inherit; font-size-adjust: inherit; font-kerning: inherit; font-feature-settings: inherit; font-variation-settings: inherit; font-size: 13px; vertical-align: baseline; color: rgb(0, 0, 0); letter-spacing: 0.4px;\"><div class=\"structured-component-text-block-subtitle\" style=\"border: 0px; font-style: inherit; font-variant: inherit; font-weight: inherit; font-stretch: inherit; line-height: inherit; font-family: inherit; font-optical-sizing: inherit; font-size-adjust: inherit; font-kerning: inherit; font-feature-settings: inherit; font-variation-settings: inherit; vertical-align: baseline;\"><span class=\"structured-component-text zds-heading-s\" style=\"border: 0px; font-style: inherit; font-variant: inherit; font-weight: var(--font-weight-light); font-stretch: var(--font-stretch-normal); line-height: var(--line-height-heading-s); font-family: var(--font-family-heading-s); font-optical-sizing: inherit; font-size-adjust: inherit; font-kerning: inherit; font-feature-settings: inherit; font-variation-settings: inherit; font-size: var(--font-size-heading-s); vertical-align: baseline; letter-spacing: var(--letter-spacing-heading-s); text-transform: uppercase; white-space-collapse: preserve;\"><span style=\"border: 0px; font-style: inherit; font-variant: inherit; font-weight: inherit; font-stretch: inherit; line-height: inherit; font-family: inherit; font-optical-sizing: inherit; font-size-adjust: inherit; font-kerning: inherit; font-feature-settings: inherit; font-variation-settings: inherit; font-size: 11px; vertical-align: baseline;\">CERTIFIED MATERIALS</span></span></div><div class=\"structured-component-text-block-subtitle\" style=\"border: 0px; font-style: inherit; font-variant: inherit; font-weight: inherit; font-stretch: inherit; line-height: inherit; font-family: inherit; font-optical-sizing: inherit; font-size-adjust: inherit; font-kerning: inherit; font-feature-settings: inherit; font-variation-settings: inherit; vertical-align: baseline;\"><span class=\"structured-component-text zds-heading-s\" style=\"border: 0px; font-style: inherit; font-variant: inherit; font-weight: var(--font-weight-light); font-stretch: var(--font-stretch-normal); line-height: var(--line-height-heading-s); font-family: var(--font-family-heading-s); font-optical-sizing: inherit; font-size-adjust: inherit; font-kerning: inherit; font-feature-settings: inherit; font-variation-settings: inherit; font-size: var(--font-size-heading-s); vertical-align: baseline; letter-spacing: var(--letter-spacing-heading-s); text-transform: uppercase; white-space-collapse: preserve;\"><span style=\"border: 0px; font-style: inherit; font-variant: inherit; font-weight: inherit; font-stretch: inherit; line-height: inherit; font-family: inherit; font-optical-sizing: inherit; font-size-adjust: inherit; font-kerning: inherit; font-feature-settings: inherit; font-variation-settings: inherit; font-size: 11px; vertical-align: baseline;\"><br></span></span></div><div class=\"structured-component-spacer\" style=\"border: 0px; font-style: inherit; font-variant: inherit; font-weight: inherit; font-stretch: inherit; line-height: inherit; font-family: inherit; font-optical-sizing: inherit; font-size-adjust: inherit; font-kerning: inherit; font-feature-settings: inherit; font-variation-settings: inherit; vertical-align: baseline; width: var(--spacing-04); height: var(--spacing-04);\"></div><div class=\"structured-component-text-block-subtitle\" style=\"border: 0px; font-style: inherit; font-variant: inherit; font-weight: inherit; font-stretch: inherit; line-height: inherit; font-family: inherit; font-optical-sizing: inherit; font-size-adjust: inherit; font-kerning: inherit; font-feature-settings: inherit; font-variation-settings: inherit; vertical-align: baseline;\"><span class=\"structured-component-text zds-heading-xs\" style=\"border: 0px; font-style: inherit; font-variant: inherit; font-weight: var(--font-weight-light); font-stretch: var(--font-stretch-normal); line-height: var(--line-height-heading-xs); font-family: var(--font-family-heading-xs); font-optical-sizing: inherit; font-size-adjust: inherit; font-kerning: inherit; font-feature-settings: inherit; font-variation-settings: inherit; font-size: var(--font-size-heading-xs); vertical-align: baseline; letter-spacing: var(--letter-spacing-heading-xs); text-transform: uppercase; white-space-collapse: preserve;\"><span style=\"border: 0px; font-style: inherit; font-variant: inherit; font-weight: inherit; font-stretch: inherit; line-height: inherit; font-family: inherit; font-optical-sizing: inherit; font-size-adjust: inherit; font-kerning: inherit; font-feature-settings: inherit; font-variation-settings: inherit; font-size: 10px; vertical-align: baseline;\">RCS CERTIFIED RECYCLED POLYESTER</span></span></div><div class=\"structured-component-text-block-paragraph\" style=\"border: 0px; font-style: inherit; font-variant: inherit; font-weight: inherit; font-stretch: inherit; line-height: inherit; font-family: inherit; font-optical-sizing: inherit; font-size-adjust: inherit; font-kerning: inherit; font-feature-settings: inherit; font-variation-settings: inherit; vertical-align: baseline;\"><span class=\"structured-component-text zds-paragraph-m\" style=\"border: 0px; font-style: inherit; font-variant: inherit; font-weight: var(--font-weight-light); font-stretch: var(--font-stretch-normal); line-height: var(--line-height-paragraph-m); font-family: var(--font-family-paragraph-m); font-optical-sizing: inherit; font-size-adjust: inherit; font-kerning: inherit; font-feature-settings: inherit; font-variation-settings: inherit; font-size: var(--font-size-paragraph-m); vertical-align: baseline; letter-spacing: var(--letter-spacing-paragraph-m); white-space-collapse: preserve;\"><span style=\"border: 0px; font-style: inherit; font-variant: inherit; font-weight: inherit; font-stretch: inherit; line-height: inherit; font-family: inherit; font-optical-sizing: inherit; font-size-adjust: inherit; font-kerning: inherit; font-feature-settings: inherit; font-variation-settings: inherit; font-size: 11px; vertical-align: baseline;\">Nowadays, recycled polyester is mainly made from PET plastic waste. This is a type of plastic that is widely used in a variety of items, such as plastic bottles. Using recycled materials helps limit the production of virgin polyester fibre. It is certified to the Recycled Claim Standard (RCS), which verifies the recycled content and tracks it from source to final product.</span></span></div><div class=\"structured-component-text-block-paragraph\" style=\"border: 0px; font-style: inherit; font-variant: inherit; font-weight: inherit; font-stretch: inherit; line-height: inherit; font-family: inherit; font-optical-sizing: inherit; font-size-adjust: inherit; font-kerning: inherit; font-feature-settings: inherit; font-variation-settings: inherit; vertical-align: baseline;\"><span class=\"structured-component-text zds-paragraph-m\" style=\"border: 0px; font-style: inherit; font-variant: inherit; font-weight: var(--font-weight-light); font-stretch: var(--font-stretch-normal); line-height: var(--line-height-paragraph-m); font-family: var(--font-family-paragraph-m); font-optical-sizing: inherit; font-size-adjust: inherit; font-kerning: inherit; font-feature-settings: inherit; font-variation-settings: inherit; font-size: var(--font-size-paragraph-m); vertical-align: baseline; letter-spacing: var(--letter-spacing-paragraph-m); white-space-collapse: preserve;\"><span style=\"border: 0px; font-style: inherit; font-variant: inherit; font-weight: inherit; font-stretch: inherit; line-height: inherit; font-family: inherit; font-optical-sizing: inherit; font-size-adjust: inherit; font-kerning: inherit; font-feature-settings: inherit; font-variation-settings: inherit; font-size: 11px; vertical-align: baseline;\"><br></span></span></div><div class=\"structured-component-spacer\" style=\"border: 0px; font-style: inherit; font-variant: inherit; font-weight: inherit; font-stretch: inherit; line-height: inherit; font-family: inherit; font-optical-sizing: inherit; font-size-adjust: inherit; font-kerning: inherit; font-feature-settings: inherit; font-variation-settings: inherit; vertical-align: baseline; width: var(--spacing-04); height: var(--spacing-04);\"></div><div class=\"structured-component-text-block-paragraph\" style=\"border: 0px; font-style: inherit; font-variant: inherit; font-weight: inherit; font-stretch: inherit; line-height: inherit; font-family: inherit; font-optical-sizing: inherit; font-size-adjust: inherit; font-kerning: inherit; font-feature-settings: inherit; font-variation-settings: inherit; vertical-align: baseline;\"><span class=\"structured-component-text zds-paragraph-m\" style=\"border: 0px; font-style: inherit; font-variant: inherit; font-weight: var(--font-weight-light); font-stretch: var(--font-stretch-normal); line-height: var(--line-height-paragraph-m); font-family: var(--font-family-paragraph-m); font-optical-sizing: inherit; font-size-adjust: inherit; font-kerning: inherit; font-feature-settings: inherit; font-variation-settings: inherit; font-size: var(--font-size-paragraph-m); vertical-align: baseline; letter-spacing: var(--letter-spacing-paragraph-m); white-space-collapse: preserve;\"><span style=\"border: 0px; font-style: inherit; font-variant: inherit; font-weight: inherit; font-stretch: inherit; line-height: inherit; font-family: inherit; font-optical-sizing: inherit; font-size-adjust: inherit; font-kerning: inherit; font-feature-settings: inherit; font-variation-settings: inherit; font-size: 11px; vertical-align: baseline;\">Certified by Intertek 193341</span></span></div><a data-qa-action=\"structured-component-link\" href=\"https://www.zara.com/in/en/sostenibilidad-web-verde-l1453.html?v1=2247135\" class=\"link\" tabindex=\"0\" style=\"border: 0px; font-style: inherit; font-variant: inherit; font-weight: inherit; font-stretch: inherit; line-height: inherit; font-family: inherit; font-optical-sizing: inherit; font-size-adjust: inherit; font-kerning: inherit; font-feature-settings: inherit; font-variation-settings: inherit; vertical-align: baseline; cursor: pointer;\"><span class=\"structured-component-text zds-paragraph-m\" style=\"border: 0px; font-style: inherit; font-variant: inherit; font-weight: var(--font-weight-light); font-stretch: var(--font-stretch-normal); line-height: var(--line-height-paragraph-m); font-family: var(--font-family-paragraph-m); font-optical-sizing: inherit; font-size-adjust: inherit; font-kerning: inherit; font-feature-settings: inherit; font-variation-settings: inherit; font-size: var(--font-size-paragraph-m); vertical-align: baseline; letter-spacing: var(--letter-spacing-paragraph-m); white-space-collapse: preserve;\"><span style=\"border: 0px; font-style: inherit; font-variant: inherit; font-weight: inherit; font-stretch: inherit; line-height: inherit; font-family: inherit; font-optical-sizing: inherit; font-size-adjust: inherit; font-kerning: inherit; font-feature-settings: inherit; font-variation-settings: inherit; font-size: 11px; vertical-align: baseline;\">More information</span></span></a><div class=\"structured-component-spacer\" style=\"border: 0px; font-style: inherit; font-variant: inherit; font-weight: inherit; font-stretch: inherit; line-height: inherit; font-family: inherit; font-optical-sizing: inherit; font-size-adjust: inherit; font-kerning: inherit; font-feature-settings: inherit; font-variation-settings: inherit; vertical-align: baseline; width: var(--spacing-06); height: var(--spacing-06);\"></div><div class=\"media structured-component-media\" style=\"border: 0px; font-style: inherit; font-variant: inherit; font-weight: inherit; font-stretch: inherit; line-height: inherit; font-family: inherit; font-optical-sizing: inherit; font-size-adjust: inherit; font-kerning: inherit; font-feature-settings: inherit; font-variation-settings: inherit; vertical-align: baseline; position: relative;\"><div class=\"media__wrapper media__wrapper--fill\" style=\"border: 0px; font-style: inherit; font-variant: inherit; font-weight: inherit; font-stretch: inherit; line-height: inherit; font-family: inherit; font-optical-sizing: inherit; font-size-adjust: inherit; font-kerning: inherit; font-feature-settings: inherit; font-variation-settings: inherit; margin-right: auto; margin-left: auto; padding-bottom: 344.4px; vertical-align: baseline; position: relative;\"><div class=\"media-video media__wrapper--media\" style=\"border: 0px; font-style: inherit; font-variant: inherit; font-weight: inherit; font-stretch: inherit; line-height: inherit; font-family: inherit; font-optical-sizing: inherit; font-size-adjust: inherit; font-kerning: inherit; font-feature-settings: inherit; font-variation-settings: inherit; vertical-align: baseline; height: 344.4px; position: absolute; top: 0px; width: 229.6px; left: 0px;\"><div class=\"media-video__player\" style=\"border: 0px; font-style: inherit; font-variant: inherit; font-weight: inherit; font-stretch: inherit; line-height: inherit; font-family: inherit; font-optical-sizing: inherit; font-size-adjust: inherit; font-kerning: inherit; font-feature-settings: inherit; font-variation-settings: inherit; vertical-align: baseline; display: flex; height: 344.4px; position: relative;\"><video class=\"media-video__video\" poster=\"https://static.zara.net/photos///mkt/2022/9/aw22-join-life-materials/recycled_polyester/w/288/recycled_polyester_0.jpg?ts=1663859709952\" playsinline=\"\" loop=\"\" style=\"border: 0px; font-style: inherit; font-variant: inherit; font-weight: inherit; font-stretch: inherit; line-height: inherit; font-family: inherit; font-optical-sizing: inherit; font-size-adjust: inherit; font-kerning: inherit; font-feature-settings: inherit; font-variation-settings: inherit; vertical-align: baseline; height: 344.4px; object-fit: cover; width: 229.6px;\"></video><div class=\"media-video__controls\" dir=\"ltr\" style=\"border: 0px; font-style: inherit; font-variant: inherit; font-weight: inherit; font-stretch: inherit; line-height: inherit; font-family: inherit; font-optical-sizing: inherit; font-size-adjust: inherit; font-kerning: inherit; font-feature-settings: inherit; font-variation-settings: inherit; vertical-align: baseline; inset: 0px; display: flex; flex-direction: column; justify-content: space-between; position: absolute; width: 229.6px;\"><div class=\"media-video__controls-top\" style=\"border: 0px; font-style: inherit; font-variant: inherit; font-weight: inherit; font-stretch: inherit; line-height: inherit; font-family: inherit; font-optical-sizing: inherit; font-size-adjust: inherit; font-kerning: inherit; font-feature-settings: inherit; font-variation-settings: inherit; vertical-align: baseline; display: flex; width: 229.6px; z-index: 2; justify-content: flex-end;\"></div><div class=\"media-video__controls-bottom\" style=\"border: 0px; font-style: inherit; font-variant: inherit; font-weight: inherit; font-stretch: inherit; line-height: 1; font-family: inherit; font-optical-sizing: inherit; font-size-adjust: inherit; font-kerning: inherit; font-feature-settings: inherit; font-variation-settings: inherit; font-size: 0px; padding: 12px 8px; vertical-align: baseline; display: flex; width: 229.6px; z-index: 1; justify-content: space-between;\"><div class=\"media-video__controls-left\" style=\"border: 0px; font-style: inherit; font-variant: inherit; font-weight: inherit; font-stretch: inherit; line-height: inherit; font-family: inherit; font-optical-sizing: inherit; font-size-adjust: inherit; font-kerning: inherit; font-feature-settings: inherit; font-variation-settings: inherit; vertical-align: baseline; align-items: flex-start; display: flex;\"><button type=\"button\" class=\"media-video-audio-toggle\" data-qa-qualifier=\"video-audio-disabled\" data-qa-action=\"video-toggle-audio\" aria-label=\"Enable/Disable sound\" style=\"appearance: none; background-image: none; background-position: initial; background-size: initial; background-repeat: initial; background-attachment: initial; background-origin: initial; background-clip: initial; border-width: initial; border-style: none; border-color: initial; outline: 0px;\"><svg class=\"media-video-audio-toggle__icon\" width=\"32\" height=\"32\" viewBox=\"0 0 32 32\" xmlns=\"http://www.w3.org/2000/svg\" fill=\"inherit\" stroke=\"inherit\"><path d=\"M3.646 4.354l24 24 .708-.708-24-24-.708.708zM3.5 11.5h4.747l1 1H4.5v7h5.288l5.712 4.998V20h1v6.702L9.412 20.5H3.5v-9zm20.636-6.036c4.84 4.84 5.654 12.18 2.443 17.862l-.736-.736c2.836-5.265 2.032-11.973-2.414-16.419l.707-.707zM19.724 9.99a8.5 8.5 0 0 1 2.095 8.576l-.812-.812a7.496 7.496 0 0 0-1.99-7.057l.707-.707zM16.5 5.332v7.915l-1-1v-4.78L12.893 9.64l-.71-.71L16.5 5.332z\"></path></svg></button></div><div class=\"media-video__controls-right\" style=\"border: 0px; font-style: inherit; font-variant: inherit; font-weight: inherit; font-stretch: inherit; line-height: inherit; font-family: inherit; font-optical-sizing: inherit; font-size-adjust: inherit; font-kerning: inherit; font-feature-settings: inherit; font-variation-settings: inherit; vertical-align: baseline;\"></div></div></div></div></div></div></div><div class=\"structured-component-spacer\" style=\"border: 0px; font-style: inherit; font-variant: inherit; font-weight: inherit; font-stretch: inherit; line-height: inherit; font-family: inherit; font-optical-sizing: inherit; font-size-adjust: inherit; font-kerning: inherit; font-feature-settings: inherit; font-variation-settings: inherit; vertical-align: baseline; width: var(--spacing-07); height: var(--spacing-07);\"></div></div><div class=\"product-detail-extra-detail__section\" data-observer-key=\"care\" style=\"border: 0px; font-variant-numeric: inherit; font-variant-east-asian: inherit; font-variant-alternates: inherit; font-variant-position: inherit; font-variant-emoji: inherit; font-stretch: inherit; line-height: inherit; font-family: Neue-Helvetica, Helvetica, Arial, &quot;sans-serif&quot;; font-optical-sizing: inherit; font-size-adjust: inherit; font-kerning: inherit; font-feature-settings: inherit; font-variation-settings: inherit; font-size: 13px; vertical-align: baseline; color: rgb(0, 0, 0); letter-spacing: 0.4px;\"><div class=\"structured-component-text-block-subtitle\" style=\"border: 0px; font-style: inherit; font-variant: inherit; font-weight: inherit; font-stretch: inherit; line-height: inherit; font-family: inherit; font-optical-sizing: inherit; font-size-adjust: inherit; font-kerning: inherit; font-feature-settings: inherit; font-variation-settings: inherit; vertical-align: baseline;\"><span class=\"structured-component-text zds-heading-s\" style=\"border: 0px; font-style: inherit; font-variant: inherit; font-weight: var(--font-weight-light); font-stretch: var(--font-stretch-normal); line-height: var(--line-height-heading-s); font-family: var(--font-family-heading-s); font-optical-sizing: inherit; font-size-adjust: inherit; font-kerning: inherit; font-feature-settings: inherit; font-variation-settings: inherit; font-size: var(--font-size-heading-s); vertical-align: baseline; letter-spacing: var(--letter-spacing-heading-s); text-transform: uppercase; white-space-collapse: preserve;\"><span style=\"border: 0px; font-style: inherit; font-variant: inherit; font-weight: inherit; font-stretch: inherit; line-height: inherit; font-family: inherit; font-optical-sizing: inherit; font-size-adjust: inherit; font-kerning: inherit; font-feature-settings: inherit; font-variation-settings: inherit; font-size: 11px; vertical-align: baseline;\">CARE</span></span></div><div class=\"structured-component-spacer\" style=\"border: 0px; font-style: inherit; font-variant: inherit; font-weight: inherit; font-stretch: inherit; line-height: inherit; font-family: inherit; font-optical-sizing: inherit; font-size-adjust: inherit; font-kerning: inherit; font-feature-settings: inherit; font-variation-settings: inherit; vertical-align: baseline; width: var(--spacing-04); height: var(--spacing-04);\"></div><div class=\"structured-component-text-block-paragraph\" style=\"border: 0px; font-style: inherit; font-variant: inherit; font-weight: inherit; font-stretch: inherit; line-height: inherit; font-family: inherit; font-optical-sizing: inherit; font-size-adjust: inherit; font-kerning: inherit; font-feature-settings: inherit; font-variation-settings: inherit; vertical-align: baseline;\"><span class=\"structured-component-text zds-paragraph-m\" style=\"border: 0px; font-style: inherit; font-variant: inherit; font-weight: var(--font-weight-light); font-stretch: var(--font-stretch-normal); line-height: var(--line-height-paragraph-m); font-family: var(--font-family-paragraph-m); font-optical-sizing: inherit; font-size-adjust: inherit; font-kerning: inherit; font-feature-settings: inherit; font-variation-settings: inherit; font-size: var(--font-size-paragraph-m); vertical-align: baseline; letter-spacing: var(--letter-spacing-paragraph-m); white-space-collapse: preserve;\"><span style=\"border: 0px; font-style: inherit; font-variant: inherit; font-weight: inherit; font-stretch: inherit; line-height: inherit; font-family: inherit; font-optical-sizing: inherit; font-size-adjust: inherit; font-kerning: inherit; font-feature-settings: inherit; font-variation-settings: inherit; font-size: 11px; vertical-align: baseline;\">Caring for your clothes is caring for the environment.</span></span></div><div class=\"structured-component-spacer\" style=\"border: 0px; font-style: inherit; font-variant: inherit; font-weight: inherit; font-stretch: inherit; line-height: inherit; font-family: inherit; font-optical-sizing: inherit; font-size-adjust: inherit; font-kerning: inherit; font-feature-settings: inherit; font-variation-settings: inherit; vertical-align: baseline; width: var(--spacing-03); height: var(--spacing-03);\"></div><div class=\"structured-component-text-block-paragraph\" style=\"border: 0px; font-style: inherit; font-variant: inherit; font-weight: inherit; font-stretch: inherit; line-height: inherit; font-family: inherit; font-optical-sizing: inherit; font-size-adjust: inherit; font-kerning: inherit; font-feature-settings: inherit; font-variation-settings: inherit; vertical-align: baseline;\"><span class=\"structured-component-text zds-paragraph-m\" style=\"border: 0px; font-style: inherit; font-variant: inherit; font-weight: var(--font-weight-light); font-stretch: var(--font-stretch-normal); line-height: var(--line-height-paragraph-m); font-family: var(--font-family-paragraph-m); font-optical-sizing: inherit; font-size-adjust: inherit; font-kerning: inherit; font-feature-settings: inherit; font-variation-settings: inherit; font-size: var(--font-size-paragraph-m); vertical-align: baseline; letter-spacing: var(--letter-spacing-paragraph-m); white-space-collapse: preserve;\"><span style=\"border: 0px; font-style: inherit; font-variant: inherit; font-weight: inherit; font-stretch: inherit; line-height: inherit; font-family: inherit; font-optical-sizing: inherit; font-size-adjust: inherit; font-kerning: inherit; font-feature-settings: inherit; font-variation-settings: inherit; font-size: 11px; vertical-align: baseline;\">To keep your jackets and coats clean, you only need to freshen them up and go over them with a cloth or a clothes brush. This process is more gentle on fabrics and also reduces water and energy consumption when washing. <br><br><a class=\" link\" target=\"_blank\" href=\"https://www.zara.com/in/en/sustainability-clothing-care-l3129.html?v1=1596204\" style=\"border: 0px; font-style: inherit; font-variant: inherit; font-weight: inherit; font-stretch: inherit; line-height: inherit; font-family: inherit; font-optical-sizing: inherit; font-size-adjust: inherit; font-kerning: inherit; font-feature-settings: inherit; font-variation-settings: inherit; vertical-align: baseline; cursor: pointer;\"><span class=\"structured-component-text\" style=\"border: 0px; font-style: inherit; font-variant: inherit; font-weight: inherit; font-stretch: inherit; line-height: inherit; font-family: inherit; font-optical-sizing: inherit; font-size-adjust: inherit; font-kerning: inherit; font-feature-settings: inherit; font-variation-settings: inherit; vertical-align: baseline;\">Clothing Care Guide</span></a></span></span></div><div class=\"structured-component-spacer\" style=\"border: 0px; font-style: inherit; font-variant: inherit; font-weight: inherit; font-stretch: inherit; line-height: inherit; font-family: inherit; font-optical-sizing: inherit; font-size-adjust: inherit; font-kerning: inherit; font-feature-settings: inherit; font-variation-settings: inherit; vertical-align: baseline; width: var(--spacing-03); height: var(--spacing-03);\"></div><ul class=\"structured-component-icon-list\" style=\"border: 0px; font-style: inherit; font-variant: inherit; font-weight: inherit; font-stretch: inherit; line-height: inherit; font-family: inherit; font-optical-sizing: inherit; font-size-adjust: inherit; font-kerning: inherit; font-feature-settings: inherit; font-variation-settings: inherit; margin-bottom: 0px; padding-left: 0px; vertical-align: baseline; list-style: none;\"><li class=\"structured-component-icon-list__item\" style=\"border: 0px; font-style: inherit; font-variant: inherit; font-weight: inherit; font-stretch: inherit; line-height: inherit; font-family: inherit; font-optical-sizing: inherit; font-size-adjust: inherit; font-kerning: inherit; font-feature-settings: inherit; font-variation-settings: inherit; margin-bottom: var(--spacing-03); vertical-align: baseline; align-items: center; display: flex;\"><img alt=\"[car]7\" class=\"structured-component-icon-list__item-icon\" src=\"https://static.zara.net//assets/public/fad0/fd6f/680d44ddbf3b/623a3e540eb1/iconos_mendue-7.svg?ts=1730714831474\" title=\"[car]7\" style=\"border: 0px; font-style: inherit; font-variant: inherit; font-weight: inherit; font-stretch: inherit; line-height: inherit; font-family: inherit; font-optical-sizing: inherit; font-size-adjust: inherit; font-kerning: inherit; font-feature-settings: inherit; font-variation-settings: inherit; margin-right: var(--spacing-03); vertical-align: baseline; height: 16px; width: 16px;\"><span class=\"structured-component-text zds-paragraph-m\" style=\"border: 0px; font-style: inherit; font-variant: inherit; font-weight: var(--font-weight-light); font-stretch: var(--font-stretch-normal); line-height: var(--line-height-paragraph-m); font-family: var(--font-family-paragraph-m); font-optical-sizing: inherit; font-size-adjust: inherit; font-kerning: inherit; font-feature-settings: inherit; font-variation-settings: inherit; font-size: var(--font-size-paragraph-m); vertical-align: baseline; letter-spacing: var(--letter-spacing-paragraph-m); white-space-collapse: preserve;\"><span style=\"border: 0px; font-style: inherit; font-variant: inherit; font-weight: inherit; font-stretch: inherit; line-height: inherit; font-family: inherit; font-optical-sizing: inherit; font-size-adjust: inherit; font-kerning: inherit; font-feature-settings: inherit; font-variation-settings: inherit; font-size: 11px; vertical-align: baseline;\">Machine wash at max. 30ºC/86ºF with short spin cycle</span></span></li><li class=\"structured-component-icon-list__item\" style=\"border: 0px; font-style: inherit; font-variant: inherit; font-weight: inherit; font-stretch: inherit; line-height: inherit; font-family: inherit; font-optical-sizing: inherit; font-size-adjust: inherit; font-kerning: inherit; font-feature-settings: inherit; font-variation-settings: inherit; margin-bottom: var(--spacing-03); vertical-align: baseline; align-items: center; display: flex;\"><img alt=\"[car]14\" class=\"structured-component-icon-list__item-icon\" src=\"https://static.zara.net//assets/public/fad0/fd6f/680d44ddbf3b/623a3e540eb1/iconos_mendue-14.svg?ts=1730714831474\" title=\"[car]14\" style=\"border: 0px; font-style: inherit; font-variant: inherit; font-weight: inherit; font-stretch: inherit; line-height: inherit; font-family: inherit; font-optical-sizing: inherit; font-size-adjust: inherit; font-kerning: inherit; font-feature-settings: inherit; font-variation-settings: inherit; margin-right: var(--spacing-03); vertical-align: baseline; height: 16px; width: 16px;\"><span class=\"structured-component-text zds-paragraph-m\" style=\"border: 0px; font-style: inherit; font-variant: inherit; font-weight: var(--font-weight-light); font-stretch: var(--font-stretch-normal); line-height: var(--line-height-paragraph-m); font-family: var(--font-family-paragraph-m); font-optical-sizing: inherit; font-size-adjust: inherit; font-kerning: inherit; font-feature-settings: inherit; font-variation-settings: inherit; font-size: var(--font-size-paragraph-m); vertical-align: baseline; letter-spacing: var(--letter-spacing-paragraph-m); white-space-collapse: preserve;\"><span style=\"border: 0px; font-style: inherit; font-variant: inherit; font-weight: inherit; font-stretch: inherit; line-height: inherit; font-family: inherit; font-optical-sizing: inherit; font-size-adjust: inherit; font-kerning: inherit; font-feature-settings: inherit; font-variation-settings: inherit; font-size: 11px; vertical-align: baseline;\">Do not use bleach</span></span></li><li class=\"structured-component-icon-list__item\" style=\"border: 0px; font-style: inherit; font-variant: inherit; font-weight: inherit; font-stretch: inherit; line-height: inherit; font-family: inherit; font-optical-sizing: inherit; font-size-adjust: inherit; font-kerning: inherit; font-feature-settings: inherit; font-variation-settings: inherit; margin-bottom: var(--spacing-03); vertical-align: baseline; align-items: center; display: flex;\"><img alt=\"[car]18\" class=\"structured-component-icon-list__item-icon\" src=\"https://static.zara.net//assets/public/fad0/fd6f/680d44ddbf3b/623a3e540eb1/iconos_mendue-18.svg?ts=1730714831474\" title=\"[car]18\" style=\"border: 0px; font-style: inherit; font-variant: inherit; font-weight: inherit; font-stretch: inherit; line-height: inherit; font-family: inherit; font-optical-sizing: inherit; font-size-adjust: inherit; font-kerning: inherit; font-feature-settings: inherit; font-variation-settings: inherit; margin-right: var(--spacing-03); vertical-align: baseline; height: 16px; width: 16px;\"><span class=\"structured-component-text zds-paragraph-m\" style=\"border: 0px; font-style: inherit; font-variant: inherit; font-weight: var(--font-weight-light); font-stretch: var(--font-stretch-normal); line-height: var(--line-height-paragraph-m); font-family: var(--font-family-paragraph-m); font-optical-sizing: inherit; font-size-adjust: inherit; font-kerning: inherit; font-feature-settings: inherit; font-variation-settings: inherit; font-size: var(--font-size-paragraph-m); vertical-align: baseline; letter-spacing: var(--letter-spacing-paragraph-m); white-space-collapse: preserve;\"><span style=\"border: 0px; font-style: inherit; font-variant: inherit; font-weight: inherit; font-stretch: inherit; line-height: inherit; font-family: inherit; font-optical-sizing: inherit; font-size-adjust: inherit; font-kerning: inherit; font-feature-settings: inherit; font-variation-settings: inherit; font-size: 11px; vertical-align: baseline;\">Iron at a maximum of 110ºC/230ºF</span></span></li><li class=\"structured-component-icon-list__item\" style=\"border: 0px; font-style: inherit; font-variant: inherit; font-weight: inherit; font-stretch: inherit; line-height: inherit; font-family: inherit; font-optical-sizing: inherit; font-size-adjust: inherit; font-kerning: inherit; font-feature-settings: inherit; font-variation-settings: inherit; margin-bottom: var(--spacing-03); vertical-align: baseline; align-items: center; display: flex;\"><img alt=\"[car]125\" class=\"structured-component-icon-list__item-icon\" src=\"https://static.zara.net//assets/public/fad0/fd6f/680d44ddbf3b/623a3e540eb1/iconos_mendue-26.svg?ts=1730714831474\" title=\"[car]125\" style=\"border: 0px; font-style: inherit; font-variant: inherit; font-weight: inherit; font-stretch: inherit; line-height: inherit; font-family: inherit; font-optical-sizing: inherit; font-size-adjust: inherit; font-kerning: inherit; font-feature-settings: inherit; font-variation-settings: inherit; margin-right: var(--spacing-03); vertical-align: baseline; height: 16px; width: 16px;\"><span class=\"structured-component-text zds-paragraph-m\" style=\"border: 0px; font-style: inherit; font-variant: inherit; font-weight: var(--font-weight-light); font-stretch: var(--font-stretch-normal); line-height: var(--line-height-paragraph-m); font-family: var(--font-family-paragraph-m); font-optical-sizing: inherit; font-size-adjust: inherit; font-kerning: inherit; font-feature-settings: inherit; font-variation-settings: inherit; font-size: var(--font-size-paragraph-m); vertical-align: baseline; letter-spacing: var(--letter-spacing-paragraph-m); white-space-collapse: preserve;\"><span style=\"border: 0px; font-style: inherit; font-variant: inherit; font-weight: inherit; font-stretch: inherit; line-height: inherit; font-family: inherit; font-optical-sizing: inherit; font-size-adjust: inherit; font-kerning: inherit; font-feature-settings: inherit; font-variation-settings: inherit; font-size: 11px; vertical-align: baseline;\">Dry clean with tetrachloroethylene</span></span></li><li class=\"structured-component-icon-list__item\" style=\"border: 0px; font-style: inherit; font-variant: inherit; font-weight: inherit; font-stretch: inherit; line-height: inherit; font-family: inherit; font-optical-sizing: inherit; font-size-adjust: inherit; font-kerning: inherit; font-feature-settings: inherit; font-variation-settings: inherit; margin-bottom: var(--spacing-03); vertical-align: baseline; align-items: center; display: flex;\"><img alt=\"[car]35\" class=\"structured-component-icon-list__item-icon\" src=\"https://static.zara.net//assets/public/fad0/fd6f/680d44ddbf3b/623a3e540eb1/iconos_mendue-35.svg?ts=1730714831474\" title=\"[car]35\" style=\"border: 0px; font-style: inherit; font-variant: inherit; font-weight: inherit; font-stretch: inherit; line-height: inherit; font-family: inherit; font-optical-sizing: inherit; font-size-adjust: inherit; font-kerning: inherit; font-feature-settings: inherit; font-variation-settings: inherit; margin-right: var(--spacing-03); vertical-align: baseline; height: 16px; width: 16px;\"><span class=\"structured-component-text zds-paragraph-m\" style=\"border: 0px; font-style: inherit; font-variant: inherit; font-weight: var(--font-weight-light); font-stretch: var(--font-stretch-normal); line-height: var(--line-height-paragraph-m); font-family: var(--font-family-paragraph-m); font-optical-sizing: inherit; font-size-adjust: inherit; font-kerning: inherit; font-feature-settings: inherit; font-variation-settings: inherit; font-size: var(--font-size-paragraph-m); vertical-align: baseline; letter-spacing: var(--letter-spacing-paragraph-m); white-space-collapse: preserve;\"><span style=\"border: 0px; font-style: inherit; font-variant: inherit; font-weight: inherit; font-stretch: inherit; line-height: inherit; font-family: inherit; font-optical-sizing: inherit; font-size-adjust: inherit; font-kerning: inherit; font-feature-settings: inherit; font-variation-settings: inherit; font-size: 11px; vertical-align: baseline;\">Do not tumble dry</span></span></li><li class=\"structured-component-icon-list__item\" style=\"border: 0px; font-style: inherit; font-variant: inherit; font-weight: inherit; font-stretch: inherit; line-height: inherit; font-family: inherit; font-optical-sizing: inherit; font-size-adjust: inherit; font-kerning: inherit; font-feature-settings: inherit; font-variation-settings: inherit; margin-bottom: var(--spacing-03); vertical-align: baseline; align-items: center; display: flex;\"><span class=\"structured-component-text zds-paragraph-m\" style=\"border: 0px; font-style: inherit; font-variant: inherit; font-weight: var(--font-weight-light); font-stretch: var(--font-stretch-normal); line-height: var(--line-height-paragraph-m); font-family: var(--font-family-paragraph-m); font-optical-sizing: inherit; font-size-adjust: inherit; font-kerning: inherit; font-feature-settings: inherit; font-variation-settings: inherit; font-size: var(--font-size-paragraph-m); vertical-align: baseline; letter-spacing: var(--letter-spacing-paragraph-m); white-space-collapse: preserve;\"><span style=\"border: 0px; font-style: inherit; font-variant: inherit; font-weight: inherit; font-stretch: inherit; line-height: inherit; font-family: inherit; font-optical-sizing: inherit; font-size-adjust: inherit; font-kerning: inherit; font-feature-settings: inherit; font-variation-settings: inherit; font-size: 11px; vertical-align: baseline;\"><br></span></span></li></ul><div class=\"structured-component-spacer\" style=\"border: 0px; font-style: inherit; font-variant: inherit; font-weight: inherit; font-stretch: inherit; line-height: inherit; font-family: inherit; font-optical-sizing: inherit; font-size-adjust: inherit; font-kerning: inherit; font-feature-settings: inherit; font-variation-settings: inherit; vertical-align: baseline; width: var(--spacing-07); height: var(--spacing-07);\"></div></div><div class=\"product-detail-extra-detail__section\" data-observer-key=\"origin\" style=\"border: 0px; font-variant-numeric: inherit; font-variant-east-asian: inherit; font-variant-alternates: inherit; font-variant-position: inherit; font-variant-emoji: inherit; font-stretch: inherit; line-height: inherit; font-family: Neue-Helvetica, Helvetica, Arial, &quot;sans-serif&quot;; font-optical-sizing: inherit; font-size-adjust: inherit; font-kerning: inherit; font-feature-settings: inherit; font-variation-settings: inherit; font-size: 13px; vertical-align: baseline; color: rgb(0, 0, 0); letter-spacing: 0.4px;\"><div class=\"structured-component-text-block-subtitle\" style=\"border: 0px; font-style: inherit; font-variant: inherit; font-weight: inherit; font-stretch: inherit; line-height: inherit; font-family: inherit; font-optical-sizing: inherit; font-size-adjust: inherit; font-kerning: inherit; font-feature-settings: inherit; font-variation-settings: inherit; vertical-align: baseline;\"><span class=\"structured-component-text zds-heading-s\" style=\"border: 0px; font-style: inherit; font-variant: inherit; font-weight: var(--font-weight-light); font-stretch: var(--font-stretch-normal); line-height: var(--line-height-heading-s); font-family: var(--font-family-heading-s); font-optical-sizing: inherit; font-size-adjust: inherit; font-kerning: inherit; font-feature-settings: inherit; font-variation-settings: inherit; font-size: var(--font-size-heading-s); vertical-align: baseline; letter-spacing: var(--letter-spacing-heading-s); text-transform: uppercase; white-space-collapse: preserve;\"><span style=\"border: 0px; font-style: inherit; font-variant: inherit; font-weight: inherit; font-stretch: inherit; line-height: inherit; font-family: inherit; font-optical-sizing: inherit; font-size-adjust: inherit; font-kerning: inherit; font-feature-settings: inherit; font-variation-settings: inherit; font-size: 11px; vertical-align: baseline;\">ORIGIN</span></span></div><div class=\"structured-component-spacer\" style=\"border: 0px; font-style: inherit; font-variant: inherit; font-weight: inherit; font-stretch: inherit; line-height: inherit; font-family: inherit; font-optical-sizing: inherit; font-size-adjust: inherit; font-kerning: inherit; font-feature-settings: inherit; font-variation-settings: inherit; vertical-align: baseline; width: var(--spacing-04); height: var(--spacing-04);\"></div><div class=\"structured-component-text-block-paragraph\" style=\"border: 0px; font-style: inherit; font-variant: inherit; font-weight: inherit; font-stretch: inherit; line-height: inherit; font-family: inherit; font-optical-sizing: inherit; font-size-adjust: inherit; font-kerning: inherit; font-feature-settings: inherit; font-variation-settings: inherit; vertical-align: baseline;\"><span class=\"structured-component-text zds-paragraph-m\" style=\"border: 0px; font-style: inherit; font-variant: inherit; font-weight: var(--font-weight-light); font-stretch: var(--font-stretch-normal); line-height: var(--line-height-paragraph-m); font-family: var(--font-family-paragraph-m); font-optical-sizing: inherit; font-size-adjust: inherit; font-kerning: inherit; font-feature-settings: inherit; font-variation-settings: inherit; font-size: var(--font-size-paragraph-m); vertical-align: baseline; letter-spacing: var(--letter-spacing-paragraph-m); white-space-collapse: preserve;\"><span style=\"border: 0px; font-style: inherit; font-variant: inherit; font-weight: inherit; font-stretch: inherit; line-height: inherit; font-family: inherit; font-optical-sizing: inherit; font-size-adjust: inherit; font-kerning: inherit; font-feature-settings: inherit; font-variation-settings: inherit; font-size: 11px; vertical-align: baseline;\">We have traceability requirements in order to know the supply chain of our productions. We request our suppliers to provide information on all facilities involved in the production processes, from the thread or fibre used right through to the finished garment for each order. This encompasses both our own and external factories, as well as any intermediaries involved in each process.</span></span></div><div class=\"structured-component-text-block-paragraph\" style=\"border: 0px; font-style: inherit; font-variant: inherit; font-weight: inherit; font-stretch: inherit; line-height: inherit; font-family: inherit; font-optical-sizing: inherit; font-size-adjust: inherit; font-kerning: inherit; font-feature-settings: inherit; font-variation-settings: inherit; vertical-align: baseline;\"><span class=\"structured-component-text zds-paragraph-m\" style=\"border: 0px; font-style: inherit; font-variant: inherit; font-weight: var(--font-weight-light); font-stretch: var(--font-stretch-normal); line-height: var(--line-height-paragraph-m); font-family: var(--font-family-paragraph-m); font-optical-sizing: inherit; font-size-adjust: inherit; font-kerning: inherit; font-feature-settings: inherit; font-variation-settings: inherit; font-size: var(--font-size-paragraph-m); vertical-align: baseline; letter-spacing: var(--letter-spacing-paragraph-m); white-space-collapse: preserve;\"><span style=\"border: 0px; font-style: inherit; font-variant: inherit; font-weight: inherit; font-stretch: inherit; line-height: inherit; font-family: inherit; font-optical-sizing: inherit; font-size-adjust: inherit; font-kerning: inherit; font-feature-settings: inherit; font-variation-settings: inherit; font-size: 11px; vertical-align: baseline;\"><br></span></span></div><div class=\"structured-component-spacer\" style=\"border: 0px; font-style: inherit; font-variant: inherit; font-weight: inherit; font-stretch: inherit; line-height: inherit; font-family: inherit; font-optical-sizing: inherit; font-size-adjust: inherit; font-kerning: inherit; font-feature-settings: inherit; font-variation-settings: inherit; vertical-align: baseline; width: var(--spacing-04); height: var(--spacing-04);\"></div><div class=\"structured-component-text-block-paragraph\" style=\"border: 0px; font-style: inherit; font-variant: inherit; font-weight: inherit; font-stretch: inherit; line-height: inherit; font-family: inherit; font-optical-sizing: inherit; font-size-adjust: inherit; font-kerning: inherit; font-feature-settings: inherit; font-variation-settings: inherit; vertical-align: baseline;\"><span class=\"structured-component-text zds-paragraph-m\" style=\"border: 0px; font-style: inherit; font-variant: inherit; font-weight: var(--font-weight-light); font-stretch: var(--font-stretch-normal); line-height: var(--line-height-paragraph-m); font-family: var(--font-family-paragraph-m); font-optical-sizing: inherit; font-size-adjust: inherit; font-kerning: inherit; font-feature-settings: inherit; font-variation-settings: inherit; font-size: var(--font-size-paragraph-m); vertical-align: baseline; letter-spacing: var(--letter-spacing-paragraph-m); white-space-collapse: preserve;\"><span style=\"border: 0px; font-style: inherit; font-variant: inherit; font-weight: inherit; font-stretch: inherit; line-height: inherit; font-family: inherit; font-optical-sizing: inherit; font-size-adjust: inherit; font-kerning: inherit; font-feature-settings: inherit; font-variation-settings: inherit; font-size: 11px; vertical-align: baseline;\">Made in Cambodia</span></span></div></div>                                                                                                                                                                                                                                                                                                                                                                            ', '05070660752-p.jpg', '05070660752-a1.jpg', '05070660752-a2.jpg', 100, 'Out of Stock', '2024-11-29 06:40:13', NULL, 'productcolor', '05070660752-a3.jpg', '05070660752-a4.jpg', '05070660752-e1.jpg', '                                                                                                <div class=\"product-detail-description product-detail-info__description\" style=\"border: 0px; font-variant-numeric: inherit; font-variant-east-asian: inherit; font-variant-alternates: inherit; font-variant-position: inherit; font-variant-emoji: inherit; font-stretch: var(--font-stretch-normal); line-height: var(--line-height-paragraph-m); font-family: Neue-Helvetica, Helvetica, Arial, &quot;sans-serif&quot;; font-optical-sizing: inherit; font-size-adjust: inherit; font-kerning: inherit; font-feature-settings: inherit; font-variation-settings: inherit; font-size: var(--font-size-paragraph-m); margin-top: var(--spacing-03); vertical-align: baseline; letter-spacing: 0.4px; color: rgb(0, 0, 0);\"><div class=\"expandable-text\" style=\"border: 0px; font-style: inherit; font-variant: inherit; font-weight: inherit; font-stretch: inherit; line-height: inherit; font-family: inherit; font-optical-sizing: inherit; font-size-adjust: inherit; font-kerning: inherit; font-feature-settings: inherit; font-variation-settings: inherit; font-size: 11px; vertical-align: baseline;\"><div class=\"expandable-text__content\" style=\"border: 0px; font-style: inherit; font-variant: inherit; font-weight: inherit; font-stretch: inherit; line-height: inherit; font-family: inherit; font-optical-sizing: inherit; font-size-adjust: inherit; font-kerning: inherit; font-feature-settings: inherit; font-variation-settings: inherit; vertical-align: baseline; overflow: hidden; transition: max-height 0.2s ease-in-out; max-height: calc(var(--line-height-paragraph-m) * 5);\"><div class=\"expandable-text__inner-content\" style=\"border: 0px; font-style: inherit; font-variant: inherit; font-weight: inherit; font-stretch: inherit; line-height: inherit; font-family: inherit; font-optical-sizing: inherit; font-size-adjust: inherit; font-kerning: inherit; font-feature-settings: inherit; font-variation-settings: inherit; vertical-align: baseline;\"><p style=\"border: 0px; font-style: inherit; font-variant: inherit; font-weight: inherit; font-stretch: inherit; line-height: inherit; font-family: inherit; font-optical-sizing: inherit; font-size-adjust: inherit; font-kerning: inherit; font-feature-settings: inherit; font-variation-settings: inherit; margin-bottom: 0px; vertical-align: baseline;\">Long sleeve coat with a lapel collar. Front button fastening.</p><div><br></div></div></div></div></div><ul class=\"product-detail-actions product-detail-info__product-actions\" style=\"border: 0px; font-variant-numeric: inherit; font-variant-east-asian: inherit; font-variant-alternates: inherit; font-variant-position: inherit; font-variant-emoji: inherit; font-stretch: inherit; line-height: inherit; font-family: Neue-Helvetica, Helvetica, Arial, &quot;sans-serif&quot;; font-optical-sizing: inherit; font-size-adjust: inherit; font-kerning: inherit; font-feature-settings: inherit; font-variation-settings: inherit; font-size: 13px; margin-top: var(--spacing-05); margin-bottom: 0px; padding-left: 0px; vertical-align: baseline; list-style: none; color: rgb(0, 0, 0); letter-spacing: 0.4px;\"></ul>                                                                                        ', 'QUINTET    ');
INSERT INTO `products` (`id`, `category`, `subCategory`, `productName`, `productCompany`, `productPrice`, `productPriceBeforeDiscount`, `productDescription`, `productImage1`, `productImage2`, `productImage3`, `shippingCharge`, `productAvailability`, `postingDate`, `updationDate`, `productColor`, `productImageFour`, `productImageFive`, `productImageSix`, `ProductCare`, `productSizes`) VALUES
(106, 8, 36, 'FLAT LEATHER BOOTS WITH PULL TABS', 'QUINTET   ', 10999, 11999, '<div><font color=\"#000000\" size=\"2\">COMPOSITION CARE ORIGIN&nbsp;&nbsp;</font></div><div><font color=\"#000000\" size=\"2\"><br></font></div><div><font color=\"#000000\" size=\"2\">COMPOSITION&nbsp;&nbsp;</font></div><div><font size=\"1\" color=\"#000000\"><br></font></div><div><font size=\"1\" color=\"#000000\">UPPER&nbsp;&nbsp;</font></div><div><font size=\"1\" color=\"#000000\">100 cow leather&nbsp;&nbsp;</font></div><div><font size=\"1\" color=\"#000000\"><br></font></div><div><font size=\"1\" color=\"#000000\">LINING&nbsp;&nbsp;</font></div><div><font size=\"1\" color=\"#000000\">90 polyester&nbsp;&nbsp;</font></div><div><font size=\"1\" color=\"#000000\">10 polyurethane&nbsp;&nbsp;</font></div><div><font size=\"1\" color=\"#000000\"><br></font></div><div><font size=\"1\" color=\"#000000\">SOLE&nbsp;&nbsp;</font></div><div><font size=\"1\" color=\"#000000\">100 sbs&nbsp;&nbsp;</font></div><div><font size=\"1\" color=\"#000000\"><br></font></div><div><font size=\"1\" color=\"#000000\">INSOLE&nbsp;&nbsp;</font></div><div><font size=\"1\" color=\"#000000\">100 goat leather&nbsp;&nbsp;</font></div><div><font size=\"1\" color=\"#000000\"><br></font></div><div><font size=\"1\" color=\"#000000\">CARE&nbsp;&nbsp;</font></div><div><font size=\"1\" color=\"#000000\">Caring for your clothes is caring for the environment&nbsp;&nbsp;</font></div><div><font size=\"1\" color=\"#000000\">Simple steps like cleaning your clothing with a dry cotton cloth or a soft brush depending on the characteristics of the product can help you care for it Whenever possible try to use products that are respectful of the environment&nbsp;&nbsp;</font></div><div><font size=\"1\" color=\"#000000\"><br></font></div><div><font size=\"1\" color=\"#000000\">Clothing Care Guide&nbsp;&nbsp;</font></div><div><font size=\"1\" color=\"#000000\">car9&nbsp;&nbsp;</font></div><div><font size=\"1\" color=\"#000000\">Do not wash&nbsp;&nbsp;</font></div><div><font size=\"1\" color=\"#000000\">car51&nbsp;&nbsp;</font></div><div><font size=\"1\" color=\"#000000\">Do not submerge in water&nbsp;&nbsp;</font></div><div><font size=\"1\" color=\"#000000\">car14&nbsp;&nbsp;</font></div><div><font size=\"1\" color=\"#000000\">Do not use bleach&nbsp;&nbsp;</font></div><div><font size=\"1\" color=\"#000000\">car52&nbsp;&nbsp;</font></div><div><font size=\"1\" color=\"#000000\">Leather Patent finish Glossy finish Clean with a dry cotton cloth&nbsp;&nbsp;</font></div><div><font size=\"1\" color=\"#000000\">car19&nbsp;&nbsp;</font></div><div><font size=\"1\" color=\"#000000\">Do not iron&nbsp;&nbsp;</font></div><div><font size=\"1\" color=\"#000000\">car53&nbsp;&nbsp;</font></div><div><font size=\"1\" color=\"#000000\">Suede Nubuck Split suede Clean with a soft brush or firm sponge&nbsp;&nbsp;</font></div><div><font size=\"1\" color=\"#000000\">car28&nbsp;&nbsp;</font></div><div><font size=\"1\" color=\"#000000\">Do not dry clean&nbsp;&nbsp;</font></div><div><font size=\"1\" color=\"#000000\">car54&nbsp;&nbsp;</font></div><div><font size=\"1\" color=\"#000000\">Leather Colourless or matching colour wax may be applied&nbsp;&nbsp;</font></div><div><font size=\"1\" color=\"#000000\">car35&nbsp;&nbsp;</font></div><div><font size=\"1\" color=\"#000000\">Do not tumble dry&nbsp;&nbsp;</font></div><div><font size=\"1\" color=\"#000000\">car55&nbsp;&nbsp;</font></div><div><font size=\"1\" color=\"#000000\">Suede Nubuck Split suede Treatable with protective or dust repellent sprays water repellent products for mops&nbsp;&nbsp;</font></div><div><font size=\"1\" color=\"#000000\">ORIGIN&nbsp;&nbsp;</font></div><div><font size=\"1\" color=\"#000000\">We have traceability requirements in order to know the supply chain of our productions We request our suppliers to provide information on all facilities involved in the production processes from the thread or fibre used right through to the finished garment for each order This encompasses both our own and external factories as well as any intermediaries involved in each process&nbsp;&nbsp;</font></div><div><font size=\"1\" color=\"#000000\">Made in India</font></div><div><br></div>                                                                                                                                                                                                                                                                                                                                                                                                                            ', '11008410800-p.jpg', '11008410800-a2.jpg', '11008410800-a4.jpg', 100, 'Out of Stock', '2024-11-29 06:49:41', NULL, 'Black', '11008410800-a3.jpg', '11008410800-e2.jpg', '11008410800-e1.jpg', '                                                                                                                                                <div class=\"product-detail-description product-detail-info__description\" style=\"border: 0px; font-variant-numeric: inherit; font-variant-east-asian: inherit; font-variant-alternates: inherit; font-variant-position: inherit; font-variant-emoji: inherit; font-stretch: var(--font-stretch-normal); line-height: var(--line-height-paragraph-m); font-family: Neue-Helvetica, Helvetica, Arial, &quot;sans-serif&quot;; font-optical-sizing: inherit; font-size-adjust: inherit; font-kerning: inherit; font-feature-settings: inherit; font-variation-settings: inherit; font-size: var(--font-size-paragraph-m); margin-top: var(--spacing-03); vertical-align: baseline; letter-spacing: 0.4px; color: rgb(0, 0, 0);\"><div class=\"expandable-text\" style=\"border: 0px; font-style: inherit; font-variant: inherit; font-weight: inherit; font-stretch: inherit; line-height: inherit; font-family: inherit; font-optical-sizing: inherit; font-size-adjust: inherit; font-kerning: inherit; font-feature-settings: inherit; font-variation-settings: inherit; font-size: 11px; vertical-align: baseline;\"><div class=\"expandable-text__content\" style=\"border: 0px; font-style: inherit; font-variant: inherit; font-weight: inherit; font-stretch: inherit; line-height: inherit; font-family: inherit; font-optical-sizing: inherit; font-size-adjust: inherit; font-kerning: inherit; font-feature-settings: inherit; font-variation-settings: inherit; vertical-align: baseline; overflow: hidden; transition: max-height 0.2s ease-in-out; max-height: calc(var(--line-height-paragraph-m) * 5);\"><div class=\"expandable-text__inner-content\" style=\"border: 0px; font-style: inherit; font-variant: inherit; font-weight: inherit; font-stretch: inherit; line-height: inherit; font-family: inherit; font-optical-sizing: inherit; font-size-adjust: inherit; font-kerning: inherit; font-feature-settings: inherit; font-variation-settings: inherit; vertical-align: baseline;\"><p style=\"border: 0px; font-style: inherit; font-variant: inherit; font-weight: inherit; font-stretch: inherit; line-height: inherit; font-family: inherit; font-optical-sizing: inherit; font-size-adjust: inherit; font-kerning: inherit; font-feature-settings: inherit; font-variation-settings: inherit; margin-bottom: 0px; vertical-align: baseline;\">Flat leather boots. Side pull tabs. Round toe.<br><br>Sole height: 4.5 cm. / 1.7</p><div><br></div></div></div></div></div><ul class=\"product-detail-actions product-detail-info__product-actions\" style=\"border: 0px; font-variant-numeric: inherit; font-variant-east-asian: inherit; font-variant-alternates: inherit; font-variant-position: inherit; font-variant-emoji: inherit; font-stretch: inherit; line-height: inherit; font-family: Neue-Helvetica, Helvetica, Arial, &quot;sans-serif&quot;; font-optical-sizing: inherit; font-size-adjust: inherit; font-kerning: inherit; font-feature-settings: inherit; font-variation-settings: inherit; font-size: 13px; margin-top: var(--spacing-05); margin-bottom: 0px; padding-left: 0px; vertical-align: baseline; list-style: none; color: rgb(0, 0, 0); letter-spacing: 0.4px;\"></ul>                                                                                                                                    ', 'QUINTET    '),
(107, 8, 37, 'LONG TRENCH COAT WITH BELT', 'QUINTET   ', 8000, 10000, '<div><div><div><font color=\"#000000\" size=\"1\">COMPOSITION CARE ORIGIN&nbsp;&nbsp;</font></div><div><font color=\"#000000\" size=\"1\"><br></font></div><div><font color=\"#000000\" size=\"1\">COMPOSITION&nbsp;&nbsp;</font></div><div><font color=\"#000000\" size=\"2\"><br></font></div><div><font size=\"1\" color=\"#000000\">OUTER SHELL&nbsp;&nbsp;</font></div><div><font size=\"1\" color=\"#000000\">56 cotton&nbsp;&nbsp;</font></div><div><font size=\"1\" color=\"#000000\">44 polyester&nbsp;&nbsp;</font></div><div><font size=\"1\" color=\"#000000\"><br></font></div><div><font size=\"1\" color=\"#000000\">Which contains at least&nbsp;&nbsp;</font></div><div><font size=\"1\" color=\"#000000\"><br></font></div><div><font size=\"1\" color=\"#000000\">OUTER SHELL&nbsp;&nbsp;</font></div><div><font size=\"1\" color=\"#000000\">44 RCS certified recycled polyester&nbsp;&nbsp;</font></div><div><font size=\"1\" color=\"#000000\">56 OCS certified organically grown cotton&nbsp;&nbsp;</font></div><div><font size=\"1\" color=\"#000000\"><br></font></div><div><font size=\"1\" color=\"#000000\">CERTIFIED MATERIALS&nbsp;&nbsp;</font></div><div><font size=\"1\" color=\"#000000\">RCS CERTIFIED RECYCLED POLYESTER&nbsp;&nbsp;</font></div><div><font size=\"1\" color=\"#000000\">Nowadays recycled polyester is mainly made from PET plastic waste This is a type of plastic that is widely used in a variety of items such as plastic bottles Using recycled materials helps limit the production of virgin polyester fibre It is certified to the Recycled Claim Standard RCS which verifies the recycled content and tracks it from source to final product&nbsp;&nbsp;</font></div><div><font size=\"1\" color=\"#000000\">Certified by Intertek 193341&nbsp;&nbsp;</font></div><div><font size=\"1\" color=\"#000000\">More information&nbsp;&nbsp;</font></div><div><font size=\"1\" color=\"#000000\"><br></font></div><div><font size=\"1\" color=\"#000000\">OCS CERTIFIED ORGANICALLY GROWN COTTON&nbsp;&nbsp;</font></div><div><font size=\"1\" color=\"#000000\">This fibre is produced using no artificial fertilisers or pesticides and is grown from seeds that have not been genetically modified We are currently working with the Organic Content Standard OCS that monitors the process from the source to the end product&nbsp;&nbsp;</font></div><div><font size=\"1\" color=\"#000000\">Certified by Intertek 193341&nbsp;&nbsp;</font></div><div><font size=\"1\" color=\"#000000\">More information&nbsp;&nbsp;</font></div><div><font size=\"1\" color=\"#000000\"><br></font></div><div><font size=\"1\" color=\"#000000\">CARE&nbsp;&nbsp;</font></div><div><font size=\"1\" color=\"#000000\">Caring for your clothes is caring for the environment&nbsp;&nbsp;</font></div><div><font size=\"1\" color=\"#000000\">To keep your jackets and coats clean you only need to freshen them up and go over them with a cloth or a clothes brush This process is more gentle on fabrics and also reduces water and energy consumption when washing&nbsp;&nbsp;</font></div><div><font size=\"1\" color=\"#000000\"><br></font></div><div><font size=\"1\" color=\"#000000\">Clothing Care Guide&nbsp;&nbsp;</font></div><div><font size=\"1\" color=\"#000000\">car7&nbsp;&nbsp;</font></div><div><font size=\"1\" color=\"#000000\">Machine wash at max 30ºC86ºF with short spin cycle&nbsp;&nbsp;</font></div><div><font size=\"1\" color=\"#000000\">car14&nbsp;&nbsp;</font></div><div><font size=\"1\" color=\"#000000\">Do not use bleach&nbsp;&nbsp;</font></div><div><font size=\"1\" color=\"#000000\">car18&nbsp;&nbsp;</font></div><div><font size=\"1\" color=\"#000000\">Iron at a maximum of 110ºC230ºF&nbsp;&nbsp;</font></div><div><font size=\"1\" color=\"#000000\">car28&nbsp;&nbsp;</font></div><div><font size=\"1\" color=\"#000000\">Do not dry clean&nbsp;&nbsp;</font></div><div><font size=\"1\" color=\"#000000\">car35&nbsp;&nbsp;</font></div><div><font size=\"1\" color=\"#000000\">Do not tumble dry&nbsp;&nbsp;</font></div><div><font size=\"1\" color=\"#000000\">ORIGIN&nbsp;&nbsp;</font></div><div><font size=\"1\" color=\"#000000\">We have traceability requirements in order to know the supply chain of our productions We request our suppliers to provide information on all facilities involved in the production processes from the thread or fibre used right through to the finished garment for each order This encompasses both our own and external factories as well as any intermediaries involved in each process&nbsp;&nbsp;</font></div><div><font size=\"1\" color=\"#000000\">Made in Morocco</font></div></div></div><div><br></div>                                                                                                                                                                                                                                                                                                                                ', '09041474743-p.jpg', '09041474743-a1.jpg', '09041474743-e2.jpg', 400, 'Out of Stock', '2024-11-29 07:18:08', NULL, 'productcolor', '09041474743-e3.jpg', '09041474743-e4.jpg', '09041474743-e1.jpg', '                                                <div class=\"expandable-text__content\" style=\"border: 0px; font-variant-numeric: inherit; font-variant-east-asian: inherit; font-variant-alternates: inherit; font-variant-position: inherit; font-variant-emoji: inherit; font-stretch: inherit; line-height: inherit; font-family: Neue-Helvetica, Helvetica, Arial, &quot;sans-serif&quot;; font-optical-sizing: inherit; font-size-adjust: inherit; font-kerning: inherit; font-feature-settings: inherit; font-variation-settings: inherit; font-size: 11px; vertical-align: baseline; overflow: hidden; transition: max-height 0.2s ease-in-out; max-height: 108px; color: rgb(0, 0, 0); letter-spacing: 0.4px;\"><div class=\"expandable-text__inner-content\" style=\"border: 0px; font-style: inherit; font-variant: inherit; font-weight: inherit; font-stretch: inherit; line-height: inherit; font-family: inherit; font-optical-sizing: inherit; font-size-adjust: inherit; font-kerning: inherit; font-feature-settings: inherit; font-variation-settings: inherit; vertical-align: baseline;\"><p style=\"border: 0px; font-style: inherit; font-variant: inherit; font-weight: inherit; font-stretch: inherit; line-height: inherit; font-family: inherit; font-optical-sizing: inherit; font-size-adjust: inherit; font-kerning: inherit; font-feature-settings: inherit; font-variation-settings: inherit; margin-bottom: 0px; vertical-align: baseline;\">Model height: 173 cm | Size: M<br><br>Trench coat featuring a lapel collar and long sleeves with buttoned tabs. Front welt pockets, a back vent, front double-breasted button fastening and a belt.</p><div><br></div></div></div><button class=\"expandable-text__view-more product-detail-description__expandable-text-view-more\" data-qa-action=\"toggle-expandable-text\" style=\"appearance: none; background-image: none; background-position: initial; background-size: initial; background-repeat: initial; background-attachment: initial; background-origin: initial; background-clip: initial; border-width: initial; border-style: none; border-color: initial; font-size: var(--font-size-paragraph-m); line-height: var(--line-height-paragraph-m); margin-top: var(--spacing-01); outline: 0px; text-decoration-line: underline; letter-spacing: var(--letter-spacing-paragraph-m); font-stretch: var(--font-stretch-normal); font-weight: var(--font-weight-light);\"></button>                                            ', 'QUINTET   '),
(108, 8, 15, 'BASIC POPLIN SHIRT', 'Select Size', 2500, 3000, '                                                                                                <div class=\"product-detail-description product-detail-info__description\" style=\"border: 0px; font-variant-numeric: inherit; font-variant-east-asian: inherit; font-variant-alternates: inherit; font-variant-position: inherit; font-variant-emoji: inherit; font-stretch: var(--font-stretch-body-l); line-height: var(--line-height-body-l); font-family: Neue-Helvetica, Helvetica, Arial, &quot;sans-serif&quot;; font-optical-sizing: inherit; font-size-adjust: inherit; font-kerning: inherit; font-feature-settings: inherit; font-variation-settings: inherit; font-size: 13px; vertical-align: baseline; letter-spacing: 0.4px; color: rgb(0, 0, 0);\"><div class=\"expandable-text\" style=\"border: 0px; font-style: inherit; font-variant: inherit; font-weight: inherit; font-stretch: inherit; line-height: inherit; font-family: inherit; font-optical-sizing: inherit; font-size-adjust: inherit; font-kerning: inherit; font-feature-settings: inherit; font-variation-settings: inherit; vertical-align: baseline;\"><div class=\"expandable-text__content\" style=\"border: 0px; font-style: inherit; font-variant: inherit; font-weight: inherit; font-stretch: inherit; line-height: inherit; font-family: inherit; font-optical-sizing: inherit; font-size-adjust: inherit; font-kerning: inherit; font-feature-settings: inherit; font-variation-settings: inherit; vertical-align: baseline; overflow: hidden; transition: max-height 0.2s ease-in-out; max-height: calc(var(--line-height-body-l) * 5);\"><div class=\"expandable-text__inner-content\" style=\"border: 0px; font-style: inherit; font-variant: inherit; font-weight: inherit; font-stretch: inherit; line-height: inherit; font-family: inherit; font-optical-sizing: inherit; font-size-adjust: inherit; font-kerning: inherit; font-feature-settings: inherit; font-variation-settings: inherit; vertical-align: baseline;\"><p style=\"border: 0px; font-style: inherit; font-variant: inherit; font-weight: inherit; font-stretch: inherit; line-height: inherit; font-family: inherit; font-optical-sizing: inherit; font-size-adjust: inherit; font-kerning: inherit; font-feature-settings: inherit; font-variation-settings: inherit; margin-bottom: 0px; vertical-align: baseline;\"><span style=\"color: var(--bs-primary-shade-80); font-family: inherit; font-size: var(--font-size-title-l); font-style: inherit; font-variant-ligatures: inherit; font-variant-caps: inherit; font-weight: var(--font-weight-title-l); letter-spacing: var(--letter-spacing-title-l); text-transform: var(--text-transform-title-l);\">BASIC POPLIN SHIRT</span></p></div></div></div></div><ul class=\"product-detail-actions product-detail-info__product-actions\" style=\"border: 0px; font-variant-numeric: inherit; font-variant-east-asian: inherit; font-variant-alternates: inherit; font-variant-position: inherit; font-variant-emoji: inherit; font-stretch: inherit; line-height: inherit; font-family: Neue-Helvetica, Helvetica, Arial, &quot;sans-serif&quot;; font-optical-sizing: inherit; font-size-adjust: inherit; font-kerning: inherit; font-feature-settings: inherit; font-variation-settings: inherit; font-size: 13px; margin-bottom: 0px; padding-left: 0px; vertical-align: baseline; list-style: none; color: rgb(0, 0, 0); letter-spacing: 0.4px;\"></ul>                                                                                                                                    ', '1.png', '2.png', '3.png', 100, 'Out of Stock', '2025-03-09 11:23:44', NULL, 'Pink ', '4.png', '5.png', '6.png', '<div class=\"product-detail-info__header\" style=\"border: 0px; font-variant-numeric: inherit; font-variant-east-asian: inherit; font-variant-alternates: inherit; font-variant-position: inherit; font-variant-emoji: inherit; font-stretch: inherit; line-height: inherit; font-family: Neue-Helvetica, Helvetica, Arial, &quot;sans-serif&quot;; font-optical-sizing: inherit; font-size-adjust: inherit; font-kerning: inherit; font-feature-settings: inherit; font-variation-settings: inherit; font-size: 13px; vertical-align: baseline; color: rgb(0, 0, 0); letter-spacing: 0.4px;\"><div class=\"product-detail-info__header-content\" style=\"border: 0px; font-style: inherit; font-variant: inherit; font-weight: inherit; font-stretch: inherit; line-height: inherit; font-family: inherit; font-optical-sizing: inherit; font-size-adjust: inherit; font-kerning: inherit; font-feature-settings: inherit; font-variation-settings: inherit; vertical-align: baseline; display: flex; justify-content: space-between;\"><h1 class=\"product-detail-info__header-name\" data-qa-qualifier=\"product-detail-info-name\" style=\"border: 0px; font-style: inherit; font-variant: inherit; font-weight: var(--font-weight-title-l); font-stretch: var(--font-stretch-title-l); line-height: var(--line-height-title-l); font-family: inherit; font-optical-sizing: inherit; font-size-adjust: inherit; font-kerning: inherit; font-feature-settings: inherit; font-variation-settings: inherit; font-size: var(--font-size-title-l); vertical-align: baseline; overflow: hidden; text-overflow: ellipsis; letter-spacing: var(--letter-spacing-title-l); text-transform: var(--text-transform-title-l);\"><p style=\"margin-bottom: 0px; font-family: inherit; color: rgb(0, 0, 0); font-style: inherit; font-variant: inherit; font-weight: inherit; letter-spacing: 0.4px; border: 0px; font-stretch: inherit; line-height: inherit; font-optical-sizing: inherit; font-size-adjust: inherit; font-kerning: inherit; font-feature-settings: inherit; font-variation-settings: inherit; vertical-align: baseline;\">Model height: 170 cm | Size: S<br><br>Collared shirt with a v-neck and long sleeves. Button-up front.</p><div><br></div><p style=\"margin-bottom: 0px; font-family: inherit; color: rgb(0, 0, 0); font-style: inherit; font-variant: inherit; font-weight: inherit; letter-spacing: 0.4px; border: 0px; font-stretch: inherit; line-height: inherit; font-optical-sizing: inherit; font-size-adjust: inherit; font-kerning: inherit; font-feature-settings: inherit; font-variation-settings: inherit; vertical-align: baseline;\"></p><div class=\"product-detail-info__price\" style=\"font-family: Neue-Helvetica, Helvetica, Arial, &quot;sans-serif&quot;; border: 0px; font-variant-numeric: inherit; font-variant-east-asian: inherit; font-variant-alternates: inherit; font-variant-position: inherit; font-variant-emoji: inherit; font-stretch: inherit; line-height: inherit; font-optical-sizing: inherit; font-size-adjust: inherit; font-kerning: inherit; font-feature-settings: inherit; font-variation-settings: inherit; vertical-align: baseline; color: rgb(0, 0, 0); letter-spacing: 0.4px;\"><div class=\"product-detail-info__price-amount price\" style=\"font-family: inherit; border: 0px; font-style: inherit; font-variant: inherit; font-weight: var(--font-weight-label-m); font-stretch: var(--font-stretch-label-m); line-height: var(--line-height-label-m); font-optical-sizing: inherit; font-size-adjust: inherit; font-kerning: inherit; font-feature-settings: inherit; font-variation-settings: inherit; font-size: var(--font-size-label-m); vertical-align: baseline; align-items: baseline; color: inherit; display: flex; flex-wrap: wrap; justify-content: flex-start; letter-spacing: var(--letter-spacing-label-m); text-transform: var(--text-transform-label-m);\"></div></div><p></p><div class=\"product-detail-info__header\" style=\"font-family: Neue-Helvetica, Helvetica, Arial, &quot;sans-serif&quot;; color: rgb(0, 0, 0); letter-spacing: 0.4px; border: 0px; font-variant-numeric: inherit; font-variant-east-asian: inherit; font-variant-alternates: inherit; font-variant-position: inherit; font-variant-emoji: inherit; font-stretch: inherit; line-height: inherit; font-optical-sizing: inherit; font-size-adjust: inherit; font-kerning: inherit; font-feature-settings: inherit; font-variation-settings: inherit; vertical-align: baseline;\"><div class=\"product-detail-info__header-content\" style=\"font-family: inherit; border: 0px; font-style: inherit; font-variant: inherit; font-weight: inherit; font-stretch: inherit; line-height: inherit; font-optical-sizing: inherit; font-size-adjust: inherit; font-kerning: inherit; font-feature-settings: inherit; font-variation-settings: inherit; vertical-align: baseline; display: flex; justify-content: space-between;\"></div></div></h1></div></div>', 'QUINTET '),
(109, 8, 15, 'BASIC POPLIN SHIRT', 'QUINTET  ', 3550, 4000, '                                                                                                <div class=\"product-detail-description product-detail-info__description\" style=\"border: 0px; font-variant-numeric: inherit; font-variant-east-asian: inherit; font-variant-alternates: inherit; font-variant-position: inherit; font-variant-emoji: inherit; font-stretch: var(--font-stretch-body-l); line-height: var(--line-height-body-l); font-family: Neue-Helvetica, Helvetica, Arial, &quot;sans-serif&quot;; font-optical-sizing: inherit; font-size-adjust: inherit; font-kerning: inherit; font-feature-settings: inherit; font-variation-settings: inherit; font-size: 13px; vertical-align: baseline; letter-spacing: 0.4px; color: rgb(0, 0, 0);\"><div class=\"expandable-text\" style=\"border: 0px; font-style: inherit; font-variant: inherit; font-weight: inherit; font-stretch: inherit; line-height: inherit; font-family: inherit; font-optical-sizing: inherit; font-size-adjust: inherit; font-kerning: inherit; font-feature-settings: inherit; font-variation-settings: inherit; vertical-align: baseline;\"><div class=\"expandable-text__content\" style=\"border: 0px; font-style: inherit; font-variant: inherit; font-weight: inherit; font-stretch: inherit; line-height: inherit; font-family: inherit; font-optical-sizing: inherit; font-size-adjust: inherit; font-kerning: inherit; font-feature-settings: inherit; font-variation-settings: inherit; vertical-align: baseline; overflow: hidden; transition: max-height 0.2s ease-in-out; max-height: calc(var(--line-height-body-l) * 5);\"><div class=\"expandable-text__inner-content\" style=\"border: 0px; font-style: inherit; font-variant: inherit; font-weight: inherit; font-stretch: inherit; line-height: inherit; font-family: inherit; font-optical-sizing: inherit; font-size-adjust: inherit; font-kerning: inherit; font-feature-settings: inherit; font-variation-settings: inherit; vertical-align: baseline;\"><p style=\"border: 0px; font-style: inherit; font-variant: inherit; font-weight: inherit; font-stretch: inherit; line-height: inherit; font-family: inherit; font-optical-sizing: inherit; font-size-adjust: inherit; font-kerning: inherit; font-feature-settings: inherit; font-variation-settings: inherit; margin-bottom: 0px; vertical-align: baseline;\">Collared shirt with a v-neck and long sleeves. Button-up front.</p><div><br></div></div></div></div></div><ul class=\"product-detail-actions product-detail-info__product-actions\" style=\"border: 0px; font-variant-numeric: inherit; font-variant-east-asian: inherit; font-variant-alternates: inherit; font-variant-position: inherit; font-variant-emoji: inherit; font-stretch: inherit; line-height: inherit; font-family: Neue-Helvetica, Helvetica, Arial, &quot;sans-serif&quot;; font-optical-sizing: inherit; font-size-adjust: inherit; font-kerning: inherit; font-feature-settings: inherit; font-variation-settings: inherit; font-size: 13px; margin-bottom: 0px; padding-left: 0px; vertical-align: baseline; list-style: none; color: rgb(0, 0, 0); letter-spacing: 0.4px;\"></ul>                                                                                                                                    ', '1.png', '2.png', '3.png', 100, 'Out of Stock', '2025-03-09 11:32:42', NULL, 'Blue', '4.png', '5.png', '6.png', '                                                                                                BASIC POPLIN SHIRT                                                                                        ', 'QUINTET '),
(110, 8, 16, 'STRIPED POLO SHIRT', 'QUINTET   ', 3000, 3550, '                                                <div class=\"expandable-text__content\" style=\"border: 0px; font-variant-numeric: inherit; font-variant-east-asian: inherit; font-variant-alternates: inherit; font-variant-position: inherit; font-variant-emoji: inherit; font-stretch: inherit; line-height: inherit; font-family: Neue-Helvetica, Helvetica, Arial, &quot;sans-serif&quot;; font-optical-sizing: inherit; font-size-adjust: inherit; font-kerning: inherit; font-feature-settings: inherit; font-variation-settings: inherit; font-size: 13px; vertical-align: baseline; overflow: hidden; transition: max-height 0.2s ease-in-out; max-height: 120px; color: rgb(0, 0, 0); letter-spacing: 0.4px;\"><div class=\"expandable-text__inner-content\" style=\"border: 0px; font-style: inherit; font-variant: inherit; font-weight: inherit; font-stretch: inherit; line-height: inherit; font-family: inherit; font-optical-sizing: inherit; font-size-adjust: inherit; font-kerning: inherit; font-feature-settings: inherit; font-variation-settings: inherit; vertical-align: baseline;\"><p style=\"border: 0px; font-style: inherit; font-variant: inherit; font-weight: inherit; font-stretch: inherit; line-height: inherit; font-family: inherit; font-optical-sizing: inherit; font-size-adjust: inherit; font-kerning: inherit; font-feature-settings: inherit; font-variation-settings: inherit; margin-bottom: 0px; vertical-align: baseline;\">Model height: 170 cm | Size: S<br><br>OVERSIZE FIT - POLO COLLAR - REGULAR LENGTH - LONG SLEEVE<br><br>Long sleeve polo shirt. Text detail on chest. Button fastening at the front.</p><div><br></div></div></div><button class=\"expandable-text__view-more product-detail-description__expandable-text-view-more\" data-qa-action=\"toggle-expandable-text\" style=\"appearance: none; background-image: none; background-position: initial; background-size: initial; background-repeat: initial; background-attachment: initial; background-origin: initial; background-clip: initial; border-width: initial; border-style: none; border-color: initial; font-size: var(--font-size-body-m); line-height: var(--line-height-body-m); margin-top: var(--spacing-01); outline: 0px; text-decoration-line: underline; letter-spacing: var(--letter-spacing-body-m); font-stretch: var(--font-stretch-body-m); font-weight: var(--font-weight-body-m);\"></button>                                                                                        ', '1.png', '2.png', '3.png', 100, 'Out of Stock', '2025-03-09 11:52:56', NULL, 'productcolor', '4.png', '5.png', '6.png', '                                                STRIPED POLO SHIRT                                            ', 'QUINTET '),
(111, 10, 18, 'ABSTRACT PRINT SHIRT', 'QUINTET    ', 3550, 4000, '                                                <div class=\"product-detail-description product-detail-info__description\" style=\"border: 0px; font-variant-numeric: inherit; font-variant-east-asian: inherit; font-variant-alternates: inherit; font-variant-position: inherit; font-variant-emoji: inherit; font-stretch: var(--font-stretch-body-l); line-height: var(--line-height-body-l); font-family: Neue-Helvetica, Helvetica, Arial, &quot;sans-serif&quot;; font-optical-sizing: inherit; font-size-adjust: inherit; font-kerning: inherit; font-feature-settings: inherit; font-variation-settings: inherit; font-size: 13px; vertical-align: baseline; letter-spacing: 0.4px; color: rgb(0, 0, 0);\"><div class=\"expandable-text\" style=\"border: 0px; font-style: inherit; font-variant: inherit; font-weight: inherit; font-stretch: inherit; line-height: inherit; font-family: inherit; font-optical-sizing: inherit; font-size-adjust: inherit; font-kerning: inherit; font-feature-settings: inherit; font-variation-settings: inherit; vertical-align: baseline;\"><div class=\"expandable-text__content\" style=\"border: 0px; font-style: inherit; font-variant: inherit; font-weight: inherit; font-stretch: inherit; line-height: inherit; font-family: inherit; font-optical-sizing: inherit; font-size-adjust: inherit; font-kerning: inherit; font-feature-settings: inherit; font-variation-settings: inherit; vertical-align: baseline; overflow: hidden; transition: max-height 0.2s ease-in-out; max-height: calc(var(--line-height-body-l) * 5);\"><div class=\"expandable-text__inner-content\" style=\"border: 0px; font-style: inherit; font-variant: inherit; font-weight: inherit; font-stretch: inherit; line-height: inherit; font-family: inherit; font-optical-sizing: inherit; font-size-adjust: inherit; font-kerning: inherit; font-feature-settings: inherit; font-variation-settings: inherit; vertical-align: baseline;\"><p style=\"border: 0px; font-style: inherit; font-variant: inherit; font-weight: inherit; font-stretch: inherit; line-height: inherit; font-family: inherit; font-optical-sizing: inherit; font-size-adjust: inherit; font-kerning: inherit; font-feature-settings: inherit; font-variation-settings: inherit; margin-bottom: 0px; vertical-align: baseline;\">Flowing relaxed fit shirt with a camp collar and short sleeves. Side vents at the hem and a button-up front.</p><div><br></div></div></div></div></div><ul class=\"product-detail-actions product-detail-info__product-actions\" style=\"border: 0px; font-variant-numeric: inherit; font-variant-east-asian: inherit; font-variant-alternates: inherit; font-variant-position: inherit; font-variant-emoji: inherit; font-stretch: inherit; line-height: inherit; font-family: Neue-Helvetica, Helvetica, Arial, &quot;sans-serif&quot;; font-optical-sizing: inherit; font-size-adjust: inherit; font-kerning: inherit; font-feature-settings: inherit; font-variation-settings: inherit; font-size: 13px; margin-bottom: 0px; padding-left: 0px; vertical-align: baseline; list-style: none; color: rgb(0, 0, 0); letter-spacing: 0.4px;\"></ul>                                                                                        ', '1.png', '2.png', '3.png', 100, 'Out of Stock', '2025-03-09 11:59:20', NULL, 'productcolor', '4.png', '5.png', '6.png', '                                                ABSTRACT PRINT SHIRT                                            ', 'QUINTET    ');

-- --------------------------------------------------------

--
-- Table structure for table `subcategory`
--

CREATE TABLE `subcategory` (
  `id` int(11) NOT NULL,
  `categoryid` int(11) DEFAULT NULL,
  `subcategory` varchar(255) DEFAULT NULL,
  `creationDate` timestamp NULL DEFAULT current_timestamp(),
  `updationDate` varchar(255) DEFAULT NULL
) ENGINE=InnoDB DEFAULT CHARSET=latin1 COLLATE=latin1_swedish_ci;

--
-- Dumping data for table `subcategory`
--

INSERT INTO `subcategory` (`id`, `categoryid`, `subcategory`, `creationDate`, `updationDate`) VALUES
(15, 8, 'SHIRTS', '2024-08-24 03:55:39', '08-09-2024 09:58:21 PM'),
(16, 8, 'T-SHIRTS', '2024-08-24 03:55:46', '24-08-2024 09:26:41 AM'),
(17, 10, 'T-SHIRTS', '2024-08-24 03:55:54', '24-08-2024 09:26:50 AM'),
(18, 10, 'SHIRTS', '2024-08-24 03:56:05', '24-08-2024 09:27:32 AM'),
(21, 10, 'Shoes', '2024-08-24 03:56:27', '24-08-2024 09:27:49 AM'),
(23, 10, 'best seller', '2024-08-29 08:05:17', '29-08-2024 03:34:06 PM'),
(24, 8, 'best seller', '2024-08-29 09:14:31', '29-08-2024 03:34:14 PM'),
(25, 29, '6-14 YEARS', '2024-09-13 15:13:27', '17-09-2024 04:37:01 PM'),
(26, 29, '1-6 YEARS', '2024-09-13 15:34:56', '17-09-2024 04:37:13 PM'),
(27, 8, 'TROUSERS', '2024-09-17 11:06:54', '17-09-2024 08:27:18 PM'),
(28, 8, 'MIDI DRESS', '2024-09-17 11:15:07', '17-09-2024 08:27:05 PM'),
(29, 8, 'POCKET  | JACKET', '2024-09-17 11:20:14', '17-09-2024 08:26:51 PM'),
(30, 8, 'JACKETS | TRENCH COAT', '2024-09-17 11:41:47', '17-09-2024 05:12:26 PM'),
(31, 10, 'JACKETS | TRENCH COAT', '2024-09-17 11:49:48', '17-09-2024 08:26:38 PM'),
(32, 10, 'TROUSERS', '2024-09-17 11:52:52', '17-09-2024 08:20:47 PM'),
(34, 8, 'BAGS', '2024-10-20 05:00:22', '29-11-2024 12:41:49 PM'),
(35, 8, 'COATS | PUFFERS', '2024-11-29 06:37:46', NULL),
(36, 8, 'SHOES', '2024-11-29 06:46:17', NULL),
(37, 8, 'OUTERWARE', '2024-11-29 07:14:28', NULL);

-- --------------------------------------------------------

--
-- Table structure for table `userlog`
--

CREATE TABLE `userlog` (
  `id` int(11) NOT NULL,
  `userEmail` varchar(255) DEFAULT NULL,
  `userip` binary(16) DEFAULT NULL,
  `loginTime` timestamp NULL DEFAULT current_timestamp(),
  `logout` varchar(255) DEFAULT NULL,
  `status` int(11) DEFAULT NULL
) ENGINE=InnoDB DEFAULT CHARSET=latin1 COLLATE=latin1_swedish_ci;

--
-- Dumping data for table `userlog`
--

INSERT INTO `userlog` (`id`, `userEmail`, `userip`, `loginTime`, `logout`, `status`) VALUES
(8, '', 0x3a3a3100000000000000000000000000, '2024-08-29 03:25:48', NULL, 0),
(9, '', 0x3a3a3100000000000000000000000000, '2024-08-29 03:32:20', NULL, 0),
(10, '', 0x3a3a3100000000000000000000000000, '2024-08-29 03:32:44', NULL, 0),
(11, '', 0x3a3a3100000000000000000000000000, '2024-08-29 03:32:48', NULL, 0),
(12, '', 0x3a3a3100000000000000000000000000, '2024-08-29 03:38:25', NULL, 0),
(13, 'amannayak2911@gmail.com', 0x3a3a3100000000000000000000000000, '2024-08-29 03:39:03', '29-08-2024 09:28:01 AM', 1),
(14, 'amannayak2911@gmail.com', 0x3a3a3100000000000000000000000000, '2024-08-29 04:04:22', NULL, 1),
(15, 'amannayak2911@gmail.com', 0x3a3a3100000000000000000000000000, '2024-08-30 10:23:20', '30-08-2024 04:05:05 PM', 1),
(16, 'amannayak2911@gmail.com', 0x3a3a3100000000000000000000000000, '2024-08-30 10:36:06', '30-08-2024 05:09:15 PM', 1),
(17, 'amannayak2911@gmail.com', 0x3a3a3100000000000000000000000000, '2024-08-30 11:39:28', NULL, 1),
(18, '', 0x3a3a3100000000000000000000000000, '2024-08-30 15:01:50', NULL, 0),
(19, 'amannayak2911@gmail.com', 0x3a3a3100000000000000000000000000, '2024-08-31 03:03:10', '31-08-2024 12:50:28 PM', 1),
(20, 'manoj@gmail.com', 0x3a3a3100000000000000000000000000, '2024-08-31 07:21:20', '31-08-2024 12:53:24 PM', 1),
(21, 'amannayak2911@gmail.com', 0x3a3a3100000000000000000000000000, '2024-08-31 07:23:34', NULL, 1),
(22, 'amannayak2911@gmail.com', 0x3a3a3100000000000000000000000000, '2024-09-01 15:15:43', '01-09-2024 09:28:54 PM', 1),
(23, 'amannayak2911@gmail.com', 0x3a3a3100000000000000000000000000, '2024-09-02 14:34:27', NULL, 1),
(24, 'amannayak2911@gmail.com', 0x3a3a3100000000000000000000000000, '2024-09-02 16:06:53', NULL, 0),
(25, 'amannayak2911@gmail.com', 0x3a3a3100000000000000000000000000, '2024-09-02 16:07:00', NULL, 0),
(26, 'amannayak2911@gmail.com', 0x3a3a3100000000000000000000000000, '2024-09-02 16:07:09', '02-09-2024 10:19:16 PM', 1),
(27, 'amannayak2911@gmail.com', 0x3a3a3100000000000000000000000000, '2024-09-04 06:51:23', NULL, 1),
(28, 'amannayak2911@gmail.com', 0x3a3a3100000000000000000000000000, '2024-09-04 08:40:48', '04-09-2024 07:20:59 PM', 1),
(29, 'amannayak2911@gmail.com', 0x3a3a3100000000000000000000000000, '2024-09-04 13:51:17', '04-09-2024 07:31:22 PM', 1),
(30, 'amannayak2911@gmail.com', 0x3a3a3100000000000000000000000000, '2024-09-04 14:01:41', NULL, 1),
(31, 'amannayak2911@gmail.com', 0x3a3a3100000000000000000000000000, '2024-09-04 16:58:01', NULL, 1),
(32, 'amannayak2911@gmail.com', 0x3a3a3100000000000000000000000000, '2024-09-05 06:55:51', NULL, 1),
(33, 'amannayak2911@gmail.com', 0x3a3a3100000000000000000000000000, '2024-09-05 09:20:12', NULL, 0),
(34, 'amannayak2911@gmail.com', 0x3a3a3100000000000000000000000000, '2024-09-05 09:20:22', '05-09-2024 02:59:51 PM', 1),
(35, 'amannayak2911@gmail.com', 0x3a3a3100000000000000000000000000, '2024-09-05 09:30:01', NULL, 0),
(36, 'amannayak2911@gmail.com', 0x3a3a3100000000000000000000000000, '2024-09-05 09:30:08', '05-09-2024 03:21:17 PM', 1),
(37, 'amannayak2911@gmail.com', 0x3a3a3100000000000000000000000000, '2024-09-05 09:51:31', NULL, 1),
(38, '', 0x3a3a3100000000000000000000000000, '2024-09-06 09:47:41', NULL, 0),
(39, '', 0x3a3a3100000000000000000000000000, '2024-09-06 09:50:32', NULL, 0),
(40, '', 0x3a3a3100000000000000000000000000, '2024-09-06 09:53:08', NULL, 0),
(41, '', 0x3a3a3100000000000000000000000000, '2024-09-06 09:57:01', NULL, 0),
(42, 'amannayak2911@gmail.com', 0x3a3a3100000000000000000000000000, '2024-09-06 10:26:18', '06-09-2024 03:56:22 PM', 1),
(43, '', 0x3a3a3100000000000000000000000000, '2024-09-06 10:28:42', NULL, 0),
(44, '', 0x3a3a3100000000000000000000000000, '2024-09-06 10:30:42', NULL, 0),
(45, '', 0x3a3a3100000000000000000000000000, '2024-09-06 10:30:57', NULL, 0),
(46, '', 0x3a3a3100000000000000000000000000, '2024-09-06 10:31:00', NULL, 0),
(47, '', 0x3a3a3100000000000000000000000000, '2024-09-06 10:31:51', NULL, 0),
(48, '', 0x3a3a3100000000000000000000000000, '2024-09-06 10:33:08', NULL, 0),
(49, '', 0x3a3a3100000000000000000000000000, '2024-09-06 10:33:33', NULL, 0),
(50, '', 0x3a3a3100000000000000000000000000, '2024-09-06 10:34:40', NULL, 0),
(51, '', 0x3a3a3100000000000000000000000000, '2024-09-06 10:34:45', NULL, 0),
(52, 'amannayak2911@gmail.com', 0x3a3a3100000000000000000000000000, '2024-09-06 11:12:29', NULL, 0),
(53, 'amannayak2911@gmail.com', 0x3a3a3100000000000000000000000000, '2024-09-07 02:43:45', NULL, 0),
(54, 'amannayak2911@gmail.com', 0x3a3a3100000000000000000000000000, '2024-09-07 02:43:55', '07-09-2024 08:20:00 AM', 1),
(55, 'manoj@gmail.com', 0x3a3a3100000000000000000000000000, '2024-09-07 02:50:24', NULL, 0),
(56, 'manoj@gmail.com', 0x3a3a3100000000000000000000000000, '2024-09-07 02:51:05', NULL, 0),
(57, 'amannayak2911@gmail.com', 0x3a3a3100000000000000000000000000, '2024-09-07 02:51:22', '07-09-2024 06:23:59 PM', 1),
(58, 'amannayak2911@gmail.com', 0x3a3a3100000000000000000000000000, '2024-09-07 12:54:31', '07-09-2024 10:59:45 PM', 1),
(59, 'amannayak2911@gmail.com', 0x3a3a3100000000000000000000000000, '2024-09-07 17:30:15', NULL, 1),
(60, 'amannayak2911@gmail.com', 0x3a3a3100000000000000000000000000, '2024-09-08 04:01:16', '08-09-2024 09:46:33 AM', 1),
(61, 'amannayak2911@gmail.com', 0x3a3a3100000000000000000000000000, '2024-09-08 04:23:25', '08-09-2024 10:23:36 AM', 1),
(62, 'amannayak2911@gmail.com', 0x3a3a3100000000000000000000000000, '2024-09-08 04:53:57', '08-09-2024 10:26:38 AM', 1),
(63, 'amannayak2911@gmail.com', 0x3a3a3100000000000000000000000000, '2024-09-08 04:57:01', '08-09-2024 10:40:15 AM', 1),
(64, 'amannayak2911@gmail.com', 0x3a3a3100000000000000000000000000, '2024-09-08 05:21:38', '08-09-2024 10:56:27 AM', 1),
(65, 'amannayak2911@gmail.com', 0x3a3a3100000000000000000000000000, '2024-09-08 05:30:53', '08-09-2024 11:02:29 AM', 1),
(66, 'amannayak2911@gmail.com', 0x3a3a3100000000000000000000000000, '2024-09-08 05:33:26', '08-09-2024 12:51:24 PM', 1),
(67, 'amannayak2911@gmail.com', 0x3a3a3100000000000000000000000000, '2024-09-08 07:25:29', NULL, 1),
(68, 'amannayak2911@gmail.com', 0x3a3a3100000000000000000000000000, '2024-09-08 08:38:48', '08-09-2024 03:02:44 PM', 1),
(69, 'amannayak2911@gmail.com', 0x3a3a3100000000000000000000000000, '2024-09-08 09:32:58', NULL, 1),
(70, 'amannayak2911@gmail.com', 0x3a3a3100000000000000000000000000, '2024-09-08 10:31:27', '08-09-2024 04:12:15 PM', 1),
(71, 'amannayak2911@gmail.com', 0x3a3a3100000000000000000000000000, '2024-09-08 10:42:26', NULL, 0),
(72, 'amannayak2911@gmail.com', 0x3a3a3100000000000000000000000000, '2024-09-08 10:42:39', NULL, 0),
(73, 'amannayak2911@gmail.com', 0x3a3a3100000000000000000000000000, '2024-09-08 10:42:47', '08-09-2024 04:13:24 PM', 1),
(74, 'amannayak2911@gmail.com', 0x3a3a3100000000000000000000000000, '2024-09-08 10:43:35', NULL, 0),
(75, 'amannayak2911@gmail.com', 0x3a3a3100000000000000000000000000, '2024-09-08 10:43:46', NULL, 0),
(76, 'amannayak2911@gmail.com', 0x3a3a3100000000000000000000000000, '2024-09-08 10:43:58', '08-09-2024 04:16:23 PM', 1),
(77, 'amannayak2911@gmail.com', 0x3a3a3100000000000000000000000000, '2024-09-08 10:46:37', NULL, 0),
(78, 'amannayak2911@gmail.com', 0x3a3a3100000000000000000000000000, '2024-09-08 10:46:48', NULL, 0),
(79, 'amannayak2911@gmail.com', 0x3a3a3100000000000000000000000000, '2024-09-08 10:46:55', NULL, 1),
(80, 'amannayak2911@gmail.com', 0x3a3a3100000000000000000000000000, '2024-09-08 10:48:57', '08-09-2024 05:18:03 PM', 1),
(81, 'amannayak2911@gmail.com', 0x3a3a3100000000000000000000000000, '2024-09-08 11:50:28', '08-09-2024 05:20:39 PM', 1),
(82, 'amannayak2911@gmail.com', 0x3a3a3100000000000000000000000000, '2024-09-08 12:03:55', NULL, 1),
(83, 'amannayak2911@gmail.com', 0x3a3a3100000000000000000000000000, '2024-09-08 13:42:56', '08-09-2024 07:45:36 PM', 1),
(84, 'amannayak2911@gmail.com', 0x3a3a3100000000000000000000000000, '2024-09-08 14:17:41', '08-09-2024 08:01:28 PM', 1),
(85, 'amannayk2911@gmail.com', 0x3a3a3100000000000000000000000000, '2024-09-10 07:35:04', NULL, 0),
(86, 'amannayak2911@gmail.com', 0x3a3a3100000000000000000000000000, '2024-09-10 07:35:20', '10-09-2024 01:05:57 PM', 1),
(87, 'amannayak2911@gmail.com', 0x3a3a3100000000000000000000000000, '2024-09-10 09:18:02', '10-09-2024 02:50:55 PM', 1),
(88, 'amannayak2911@gmail.com', 0x3a3a3100000000000000000000000000, '2024-09-10 09:21:18', '10-09-2024 04:25:39 PM', 1),
(89, 'amannayak2911@gmail.com', 0x3a3a3100000000000000000000000000, '2024-09-10 10:56:26', '10-09-2024 04:26:38 PM', 1),
(90, 'amannayak2911@gmail.com', 0x3a3a3100000000000000000000000000, '2024-09-10 11:15:53', '10-09-2024 05:47:16 PM', 1),
(91, 'amannayak2911@gmail.com', 0x3a3a3100000000000000000000000000, '2024-09-10 12:17:59', '10-09-2024 05:48:44 PM', 1),
(92, 'amannayak2911@gmail.com', 0x3a3a3100000000000000000000000000, '2024-09-10 12:19:03', NULL, 1),
(93, 'amannayak2911@gmail.com', 0x3a3a3100000000000000000000000000, '2024-09-10 15:07:13', NULL, 1),
(94, 'amannayak2911@gmail.com', 0x3a3a3100000000000000000000000000, '2024-09-10 17:27:04', NULL, 1),
(95, 'amannayak2911@gmail.com', 0x3a3a3100000000000000000000000000, '2024-09-12 02:47:25', NULL, 1),
(96, 'amannayak2911@gmail.com', 0x3a3a3100000000000000000000000000, '2024-09-12 10:35:56', NULL, 1),
(97, 'amannayak2911@gmail.com', 0x3a3a3100000000000000000000000000, '2024-09-12 14:38:03', '12-09-2024 10:09:48 PM', 1),
(98, 'amannayak2911@gmail.com', 0x3a3a3100000000000000000000000000, '2024-09-12 16:40:04', NULL, 1),
(99, 'aaaaaaaaaaaaaaaaa@gm', 0x3a3a3100000000000000000000000000, '2024-09-13 07:50:46', NULL, 0),
(100, 'amannayak2911@gmail.com', 0x3a3a3100000000000000000000000000, '2024-09-13 07:55:02', NULL, 1),
(101, 'amanayak2911@gmail.com', 0x3a3a3100000000000000000000000000, '2024-09-13 15:43:46', NULL, 0),
(102, 'amannayak2911@gmail.com', 0x3a3a3100000000000000000000000000, '2024-09-13 15:44:14', '13-09-2024 09:24:15 PM', 1),
(103, 'amannayak2911@gmail.com', 0x3a3a3100000000000000000000000000, '2024-09-13 16:44:47', NULL, 1),
(104, 'amannayak2911@gmail.com', 0x3a3a3100000000000000000000000000, '2024-09-15 17:01:22', '15-09-2024 10:36:44 PM', 1),
(105, 'amannayak2911@gmail.com', 0x3a3a3100000000000000000000000000, '2024-09-16 13:52:21', '16-09-2024 07:33:44 PM', 1),
(106, 'amannayak2911@gmail.com', 0x3a3a3100000000000000000000000000, '2024-09-16 14:04:11', '16-09-2024 07:34:18 PM', 1),
(107, 'amannayak2911@gmail.com', 0x3a3a3100000000000000000000000000, '2024-09-16 14:30:53', '16-09-2024 08:24:46 PM', 1),
(108, 'amannayak2911@gmail.com', 0x3a3a3100000000000000000000000000, '2024-09-18 07:24:36', NULL, 1),
(109, 'amannayak2911@gmail.com', 0x3a3a3100000000000000000000000000, '2024-09-18 12:23:03', '18-09-2024 05:54:20 PM', 1),
(110, 'amannayak2911@gmail.com', 0x3a3a3100000000000000000000000000, '2024-09-18 12:24:47', '18-09-2024 05:55:46 PM', 1),
(111, 'amannayak2911@gmail.com', 0x3a3a3100000000000000000000000000, '2024-09-19 05:31:00', NULL, 1),
(112, 'amannayak2911@gmail.com', 0x3a3a3100000000000000000000000000, '2024-09-19 05:31:00', NULL, 1),
(113, 'amannayak2911@gmail.com', 0x3a3a3100000000000000000000000000, '2024-09-19 05:31:00', NULL, 1),
(114, 'amannayak2911@gmail.com', 0x3a3a3100000000000000000000000000, '2024-09-19 05:31:00', NULL, 1),
(115, 'amannayak2911@gmail.com', 0x3a3a3100000000000000000000000000, '2024-09-19 05:31:00', NULL, 1),
(116, 'amannayak2911@gmail.com', 0x3a3a3100000000000000000000000000, '2024-09-19 05:31:00', NULL, 1),
(117, 'amannayak2911@gmail.com', 0x3a3a3100000000000000000000000000, '2024-09-19 05:31:00', NULL, 1),
(118, 'amannayak2911@gmail.com', 0x3a3a3100000000000000000000000000, '2024-09-19 05:31:00', NULL, 1),
(119, 'amannayak2911@gmail.com', 0x3a3a3100000000000000000000000000, '2024-09-19 05:32:01', NULL, 0),
(120, 'amannayak2911@gmail.com', 0x3a3a3100000000000000000000000000, '2024-09-19 05:32:16', '19-09-2024 12:47:29 PM', 1),
(121, 'amannayaj2911@gmail.com', 0x3a3a3100000000000000000000000000, '2024-09-19 07:46:24', NULL, 0),
(122, 'amannayak2911@gmail.com', 0x3a3a3100000000000000000000000000, '2024-09-19 07:46:44', NULL, 1),
(123, 'amannayak2911@gmail.com', 0x3a3a3100000000000000000000000000, '2024-09-19 09:03:26', '19-09-2024 02:44:00 PM', 1),
(124, 'amannayak2911@gmail.com', 0x3a3a3100000000000000000000000000, '2024-09-19 09:19:55', NULL, 1),
(125, 'amannayak2911@gmail.com', 0x3a3a3100000000000000000000000000, '2024-09-19 15:29:19', NULL, 1),
(126, 'demo@gmail.com', 0x3a3a3100000000000000000000000000, '2024-09-20 15:48:31', '20-09-2024 09:19:17 PM', 1),
(127, 'amannayak2911@gmail.com', 0x3a3a3100000000000000000000000000, '2024-09-21 11:12:00', '21-09-2024 06:06:35 PM', 1),
(128, 'amannayak2911@gmail.com', 0x3a3a3100000000000000000000000000, '2024-09-21 16:18:33', NULL, 1),
(129, 'amannay2911@gmail.com', 0x3a3a3100000000000000000000000000, '2024-09-26 15:09:00', NULL, 0),
(130, 'amannayak2911@gmail.com', 0x3a3a3100000000000000000000000000, '2024-09-26 15:09:19', NULL, 1),
(131, 'amannayak2911@gmail.com', 0x3a3a3100000000000000000000000000, '2024-09-26 16:28:31', NULL, 1),
(132, 'amannayak2911@gmail.com', 0x3a3a3100000000000000000000000000, '2024-09-26 16:35:35', NULL, 1),
(133, 'amannayak2911@gmail.com', 0x3a3a3100000000000000000000000000, '2024-09-26 16:36:46', NULL, 1),
(134, 'amannayak2911@gmail.com', 0x3a3a3100000000000000000000000000, '2024-09-26 16:38:12', NULL, 1),
(135, 'amannayak2911@gmail.com', 0x3a3a3100000000000000000000000000, '2024-09-26 16:39:12', NULL, 1),
(136, 'amannayak2911@gmail.com', 0x3a3a3100000000000000000000000000, '2024-09-27 03:10:41', NULL, 1),
(137, 'amannayak2911@gmail.com', 0x3a3a3100000000000000000000000000, '2024-09-28 10:37:16', '28-09-2024 04:13:27 PM', 1),
(138, 'amannayak2911@gmail.com', 0x3a3a3100000000000000000000000000, '2024-09-28 10:45:50', NULL, 1),
(139, 'amannayak2911@gmail.com', 0x3a3a3100000000000000000000000000, '2025-02-02 12:17:49', NULL, 1),
(140, 'amannayak2911@gmail.com', 0x3a3a3100000000000000000000000000, '2025-02-05 13:32:42', NULL, 1),
(141, 'amannayak2911@gmail.com', 0x3a3a3100000000000000000000000000, '2025-02-06 11:01:05', '06-02-2025 05:26:27 PM', 1),
(142, 'amannayak2911@gmail.com', 0x3a3a3100000000000000000000000000, '2025-02-06 11:57:46', NULL, 1),
(143, 'amannayak2911@gmail.com', 0x3a3a3100000000000000000000000000, '2025-02-07 13:44:26', NULL, 1),
(144, 'amannayak2911@gmail.com', 0x3a3a3100000000000000000000000000, '2025-02-19 05:51:31', NULL, 1),
(145, 'amannayak2911@gmail.com', 0x3a3a3100000000000000000000000000, '2025-02-21 17:35:12', NULL, 1),
(146, 'amannayak2911@gmail.com', 0x3a3a3100000000000000000000000000, '2025-02-22 12:45:28', NULL, 1),
(147, 'amannayak2911@gmail.com', 0x3a3a3100000000000000000000000000, '2025-02-22 15:17:59', NULL, 1),
(148, 'amannayak2911@gmail.com', 0x3a3a3100000000000000000000000000, '2025-02-23 16:44:45', NULL, 1),
(149, 'amannayak2911@gmail.com', 0x3a3a3100000000000000000000000000, '2025-02-25 06:42:15', '25-02-2025 12:56:05 PM', 1),
(150, 'amannayak2911@gmail.com', 0x3a3a3100000000000000000000000000, '2025-02-25 07:26:27', '25-02-2025 01:07:29 PM', 1),
(151, 'amannayak2911@gmail.com', 0x3a3a3100000000000000000000000000, '2025-02-25 07:37:45', '25-02-2025 01:17:05 PM', 1),
(152, 'amannayak2911@gmail.com', 0x3a3a3100000000000000000000000000, '2025-02-25 07:47:25', NULL, 1),
(153, 'amannayak2911@gmail.com', 0x3a3a3100000000000000000000000000, '2025-02-25 16:59:18', NULL, 1),
(154, 'amannayak2911@gmail.com', 0x3a3a3100000000000000000000000000, '2025-02-26 07:02:51', '26-02-2025 01:34:55 PM', 1),
(155, 'amannayak2911@gmail.com', 0x3a3a3100000000000000000000000000, '2025-02-26 13:08:19', NULL, 1),
(156, 'amannayak2911@gmail.com', 0x3a3a3100000000000000000000000000, '2025-02-27 02:52:03', NULL, 1),
(157, 'amannayak2911@gmail.com', 0x3a3a3100000000000000000000000000, '2025-02-27 03:18:04', NULL, 1),
(158, 'amannayak2911@gmail.com', 0x3a3a3100000000000000000000000000, '2025-02-27 03:48:29', NULL, 1),
(159, 'amannayak2911@gmail.com', 0x3a3a3100000000000000000000000000, '2025-02-27 04:57:21', NULL, 1),
(160, 'amannayak2911@gmail.com', 0x3a3a3100000000000000000000000000, '2025-02-27 05:02:41', NULL, 1),
(161, 'amannayak2911@gmail.com', 0x3a3a3100000000000000000000000000, '2025-02-27 08:28:35', NULL, 1),
(162, 'amannayak2911@gmail.com', 0x3a3a3100000000000000000000000000, '2025-02-27 16:00:07', '27-02-2025 09:34:13 PM', 1),
(163, 'amannayak2911@gmail.com', 0x3a3a3100000000000000000000000000, '2025-02-28 05:11:55', NULL, 1),
(164, 'amannayak2911@gmail.com', 0x3a3a3100000000000000000000000000, '2025-03-02 16:55:32', '02-03-2025 10:29:40 PM', 1),
(165, 'amannayak2911@gmail.com', 0x3a3a3100000000000000000000000000, '2025-03-02 17:10:12', '02-03-2025 11:22:20 PM', 1),
(166, 'amannayak2911@gmail.com', 0x3a3a3100000000000000000000000000, '2025-03-03 07:32:02', NULL, 1),
(167, 'amannayak2911@gmail.com', 0x3a3a3100000000000000000000000000, '2025-03-03 08:09:37', '03-03-2025 01:43:09 PM', 1),
(168, 'amannayak2911@gmail.com', 0x3a3a3100000000000000000000000000, '2025-03-03 08:13:24', '03-03-2025 01:46:01 PM', 1),
(169, 'amannayak2911@gmail.com', 0x3a3a3100000000000000000000000000, '2025-03-03 08:26:15', NULL, 1),
(170, 'amannayak2911@gmail.com', 0x3a3a3100000000000000000000000000, '2025-03-03 15:15:39', '03-03-2025 09:27:41 PM', 1),
(171, 'amannayak2911@gmail.com', 0x3a3a3100000000000000000000000000, '2025-03-03 15:57:56', NULL, 1),
(172, 'amannayak2911@gmail.com', 0x3a3a3100000000000000000000000000, '2025-03-05 17:18:52', NULL, 1),
(173, 'amannayak2911@gmail.com', 0x3a3a3100000000000000000000000000, '2025-03-06 16:35:50', '06-03-2025 10:15:09 PM', 1),
(174, 'amannayak2911@gmail.com', 0x3a3a3100000000000000000000000000, '2025-03-06 16:45:24', NULL, 0),
(175, 'amannayak2911@gmail.com', 0x3a3a3100000000000000000000000000, '2025-03-06 16:45:47', NULL, 1),
(176, 'amannayak2911@gmail.com', 0x3a3a3100000000000000000000000000, '2025-03-06 17:27:52', NULL, 1),
(177, 'amannayak2911@gmail.com', 0x3a3a3100000000000000000000000000, '2025-03-07 15:48:48', NULL, 1),
(178, 'amannayak2911@gmail.com', 0x3a3a3100000000000000000000000000, '2025-03-07 16:35:31', '07-03-2025 10:18:23 PM', 1),
(179, 'amannayak2911@gmail.com', 0x3a3a3100000000000000000000000000, '2025-03-07 16:48:37', '07-03-2025 10:20:21 PM', 1),
(180, 'amannayak2911@gmail.com', 0x3a3a3100000000000000000000000000, '2025-03-07 16:50:35', '07-03-2025 10:21:22 PM', 1),
(181, 'amannayak2911@gmail.com', 0x3a3a3100000000000000000000000000, '2025-03-07 16:51:40', '07-03-2025 10:46:53 PM', 1),
(182, 'amannayak2911@gmail.com', 0x3a3a3100000000000000000000000000, '2025-03-07 17:17:09', '07-03-2025 10:56:21 PM', 1),
(183, 'amannayak2911@gmail.com', 0x3a3a3100000000000000000000000000, '2025-03-07 17:26:34', '07-03-2025 11:05:39 PM', 1),
(184, 'amannayak2911@gmail.com', 0x3a3a3100000000000000000000000000, '2025-03-07 17:35:56', NULL, 1),
(185, 'dev@gmail.com', 0x3a3a3100000000000000000000000000, '2025-03-08 04:36:04', NULL, 0),
(186, 'dev@gmail.com', 0x3a3a3100000000000000000000000000, '2025-03-08 04:36:09', NULL, 1),
(187, 'amannayak2911@gmail.com', 0x3a3a3100000000000000000000000000, '2025-03-08 09:22:18', NULL, 1),
(188, 'amannayak2911@gmail.com', 0x3a3a3100000000000000000000000000, '2025-03-08 15:13:39', '08-03-2025 08:53:31 PM', 1),
(189, 'amannayak2911@gmail.com', 0x3a3a3100000000000000000000000000, '2025-03-08 15:23:56', NULL, 1),
(190, 'amannayak2911@gmail.com', 0x3a3a3100000000000000000000000000, '2025-03-08 17:28:15', '08-03-2025 11:02:04 PM', 1),
(191, 'amannayak2911@gmail.com', 0x3a3a3100000000000000000000000000, '2025-03-08 17:32:33', '08-03-2025 11:27:10 PM', 1),
(192, 'amannayak2911@gmaul.com', 0x3a3a3100000000000000000000000000, '2025-03-09 18:45:38', NULL, 0),
(193, 'amannayak2911@gmail.com', 0x3a3a3100000000000000000000000000, '2025-03-09 18:45:48', '10-03-2025 12:17:36 AM', 1),
(194, 'dev@gmail.com', 0x3a3a3100000000000000000000000000, '2025-03-09 18:47:49', '10-03-2025 12:18:23 AM', 1),
(195, 'amannayak2911@gmail.com', 0x3a3a3100000000000000000000000000, '2025-03-09 18:48:37', '10-03-2025 12:21:12 AM', 1),
(196, 'dev@gmail.com', 0x3a3a3100000000000000000000000000, '2025-03-09 18:54:13', NULL, 1);

-- --------------------------------------------------------

--
-- Table structure for table `users`
--

CREATE TABLE `users` (
  `id` int(11) NOT NULL,
  `name` varchar(255) DEFAULT NULL,
  `email` varchar(255) DEFAULT NULL,
  `contactno` bigint(20) DEFAULT NULL,
  `password` varchar(255) DEFAULT NULL,
  `shippingAddress` longtext DEFAULT NULL,
  `shippingState` varchar(255) DEFAULT NULL,
  `shippingCity` varchar(255) DEFAULT NULL,
  `shippingPincode` int(11) DEFAULT NULL,
  `billingAddress` longtext DEFAULT NULL,
  `billingState` varchar(255) DEFAULT NULL,
  `billingCity` varchar(255) DEFAULT NULL,
  `billingPincode` int(11) DEFAULT NULL,
  `regDate` timestamp NOT NULL DEFAULT current_timestamp(),
  `updationDate` varchar(255) DEFAULT NULL
) ENGINE=InnoDB DEFAULT CHARSET=latin1 COLLATE=latin1_swedish_ci;

--
-- Dumping data for table `users`
--

INSERT INTO `users` (`id`, `name`, `email`, `contactno`, `password`, `shippingAddress`, `shippingState`, `shippingCity`, `shippingPincode`, `billingAddress`, `billingState`, `billingCity`, `billingPincode`, `regDate`, `updationDate`) VALUES
(6, 'Aman Nayak', 'amannayak2911@gmail.com', 8320723850, 'effba33c699ff7c3354f4c69565aafea', 'A-5 Sardar Villa-2, Santram City, Nani Kadi Road, Kadi', 'GUJARAT', 'MAHESANA', 382715, 'A-5 Sardar Villa-2, Santram City, Nani Kadi Road, Kadi', 'GUJARAT', 'MAHESANA', 382715, '2024-08-24 04:31:51', NULL),
(7, 'manoj', 'manoj@gmail.com', 7048701252, 'effba33c699ff7c3354f4c69565aafea', 'A-5 Sardar Villa-2, Santram City, Nani Kadi Road, Kadi', 'GUJARAT', 'MAHESANA', 382715, 'A-5 Sardar Villa-2, Santram City, Nani Kadi Road, Kadi', 'GUJARAT', 'MAHESANA', 382715, '2024-08-31 07:21:08', NULL),
(9, 'dev', 'dev@gmail.com', 1235567787, '227edf7c86c02a44d17eec9aa5b30cd1', 'adasdd', 'adasdd', 'adasdd', 0, 'adasdd', 'adasdd', 'adasdd', 0, '2025-03-08 04:35:43', NULL);

-- --------------------------------------------------------

--
-- Table structure for table `wishlist`
--

CREATE TABLE `wishlist` (
  `id` int(11) NOT NULL,
  `userId` int(11) DEFAULT NULL,
  `productId` int(11) DEFAULT NULL,
  `postingDate` timestamp NOT NULL DEFAULT current_timestamp()
) ENGINE=InnoDB DEFAULT CHARSET=latin1 COLLATE=latin1_swedish_ci;

--
-- Dumping data for table `wishlist`
--

INSERT INTO `wishlist` (`id`, `userId`, `productId`, `postingDate`) VALUES
(33, 6, 64, '2024-09-04 08:40:59'),
(34, 6, 37, '2024-09-04 08:41:04'),
(35, 6, 35, '2024-09-04 08:41:08'),
(36, 6, 68, '2024-09-04 08:41:12'),
(38, 6, 57, '2024-09-04 08:41:22'),
(39, 6, 40, '2024-09-04 08:41:28'),
(40, 6, 63, '2024-09-04 08:41:36'),
(41, 6, 49, '2024-09-04 08:41:43'),
(42, 6, 50, '2024-09-04 08:41:48'),
(43, 6, 56, '2024-09-04 08:42:11'),
(44, 6, 60, '2024-09-04 08:42:26'),
(49, 6, 60, '2024-09-12 14:38:10'),
(50, 6, 35, '2024-09-12 14:38:25'),
(51, 6, 36, '2024-09-12 14:38:31'),
(52, 1, 33, '2024-09-12 16:26:36'),
(53, 1, 57, '2024-09-13 13:41:57'),
(55, 6, 0, '2025-03-02 17:42:23'),
(56, 6, 64, '2025-03-03 08:27:20'),
(57, 6, 35, '2025-03-06 16:35:58'),
(58, 9, 105, '2025-03-08 04:42:19');

--
-- Indexes for dumped tables
--

--
-- Indexes for table `admin`
--
ALTER TABLE `admin`
  ADD PRIMARY KEY (`id`);

--
-- Indexes for table `category`
--
ALTER TABLE `category`
  ADD PRIMARY KEY (`id`);

--
-- Indexes for table `chatbot`
--
ALTER TABLE `chatbot`
  ADD PRIMARY KEY (`id`);

--
-- Indexes for table `orders`
--
ALTER TABLE `orders`
  ADD PRIMARY KEY (`id`);

--
-- Indexes for table `ordertrackhistory`
--
ALTER TABLE `ordertrackhistory`
  ADD PRIMARY KEY (`id`);

--
-- Indexes for table `productreviews`
--
ALTER TABLE `productreviews`
  ADD PRIMARY KEY (`id`);

--
-- Indexes for table `products`
--
ALTER TABLE `products`
  ADD PRIMARY KEY (`id`);

--
-- Indexes for table `subcategory`
--
ALTER TABLE `subcategory`
  ADD PRIMARY KEY (`id`);

--
-- Indexes for table `userlog`
--
ALTER TABLE `userlog`
  ADD PRIMARY KEY (`id`);

--
-- Indexes for table `users`
--
ALTER TABLE `users`
  ADD PRIMARY KEY (`id`);

--
-- Indexes for table `wishlist`
--
ALTER TABLE `wishlist`
  ADD PRIMARY KEY (`id`);

--
-- AUTO_INCREMENT for dumped tables
--

--
-- AUTO_INCREMENT for table `admin`
--
ALTER TABLE `admin`
  MODIFY `id` int(11) NOT NULL AUTO_INCREMENT, AUTO_INCREMENT=2;

--
-- AUTO_INCREMENT for table `category`
--
ALTER TABLE `category`
  MODIFY `id` int(11) NOT NULL AUTO_INCREMENT, AUTO_INCREMENT=34;

--
-- AUTO_INCREMENT for table `chatbot`
--
ALTER TABLE `chatbot`
  MODIFY `id` int(11) NOT NULL AUTO_INCREMENT, AUTO_INCREMENT=29;

--
-- AUTO_INCREMENT for table `orders`
--
ALTER TABLE `orders`
  MODIFY `id` int(11) NOT NULL AUTO_INCREMENT, AUTO_INCREMENT=80;

--
-- AUTO_INCREMENT for table `ordertrackhistory`
--
ALTER TABLE `ordertrackhistory`
  MODIFY `id` int(11) NOT NULL AUTO_INCREMENT, AUTO_INCREMENT=81;

--
-- AUTO_INCREMENT for table `productreviews`
--
ALTER TABLE `productreviews`
  MODIFY `id` int(11) NOT NULL AUTO_INCREMENT, AUTO_INCREMENT=206;

--
-- AUTO_INCREMENT for table `products`
--
ALTER TABLE `products`
  MODIFY `id` int(11) NOT NULL AUTO_INCREMENT, AUTO_INCREMENT=112;

--
-- AUTO_INCREMENT for table `subcategory`
--
ALTER TABLE `subcategory`
  MODIFY `id` int(11) NOT NULL AUTO_INCREMENT, AUTO_INCREMENT=38;

--
-- AUTO_INCREMENT for table `userlog`
--
ALTER TABLE `userlog`
  MODIFY `id` int(11) NOT NULL AUTO_INCREMENT, AUTO_INCREMENT=197;

--
-- AUTO_INCREMENT for table `users`
--
ALTER TABLE `users`
  MODIFY `id` int(11) NOT NULL AUTO_INCREMENT, AUTO_INCREMENT=10;

--
-- AUTO_INCREMENT for table `wishlist`
--
ALTER TABLE `wishlist`
  MODIFY `id` int(11) NOT NULL AUTO_INCREMENT, AUTO_INCREMENT=59;
COMMIT;

/*!40101 SET CHARACTER_SET_CLIENT=@OLD_CHARACTER_SET_CLIENT */;
/*!40101 SET CHARACTER_SET_RESULTS=@OLD_CHARACTER_SET_RESULTS */;
/*!40101 SET COLLATION_CONNECTION=@OLD_COLLATION_CONNECTION */;
